index,depth,latitude,longitude,time,uo,utide,utotal,vo,vsdx,vsdy,vtide,vtotal
0,0.494025,46.0,-63.916668,2025-01-01 00:00:00,,-0.017578125,,,,,-0.032226562,
1,0.494025,46.0,-63.916668,2025-01-01 01:00:00,,-0.0009765625,,,,,-0.0126953125,
2,0.494025,46.0,-63.916668,2025-01-01 02:00:00,,0.020507812,,,,,0.025390625,
3,0.494025,46.0,-63.916668,2025-01-01 03:00:00,,0.034179688,,,,,0.0625,
4,0.494025,46.0,-63.916668,2025-01-01 04:00:00,,0.034179688,,,,,0.07324219,
5,0.494025,46.0,-63.916668,2025-01-01 05:00:00,,0.033203125,,,,,0.068359375,
6,0.494025,46.0,-63.916668,2025-01-01 06:00:00,,0.04296875,,,,,0.0703125,
7,0.494025,46.0,-63.916668,2025-01-01 07:00:00,,0.051757812,,,,,0.0703125,
8,0.494025,46.0,-63.916668,2025-01-01 08:00:00,,0.038085938,,,,,0.038085938,
9,0.494025,46.0,-63.916668,2025-01-01 09:00:00,,0.0087890625,,,,,-0.020507812,
10,0.494025,46.0,-63.916668,2025-01-01 10:00:00,,-0.016601562,,,,,-0.06347656,
11,0.494025,46.0,-63.916668,2025-01-01 11:00:00,,-0.028320312,,,,,-0.07421875,
12,0.494025,46.0,-63.916668,2025-01-01 12:00:00,,-0.033203125,,,,,-0.07324219,
13,0.494025,46.0,-63.916668,2025-01-01 13:00:00,,-0.03125,,,,,-0.06640625,
14,0.494025,46.0,-63.916668,2025-01-01 14:00:00,,-0.020507812,,,,,-0.041015625,
15,0.494025,46.0,-63.916668,2025-01-01 15:00:00,,-0.009765625,,,,,-0.001953125,
16,0.494025,46.0,-63.916668,2025-01-01 16:00:00,,-0.009765625,,,,,0.021484375,
17,0.494025,46.0,-63.916668,2025-01-01 17:00:00,,-0.0146484375,,,,,0.021484375,
18,0.494025,46.0,-63.916668,2025-01-01 18:00:00,,-0.0087890625,,,,,0.0234375,
19,0.494025,46.0,-63.916668,2025-01-01 19:00:00,,0.005859375,,,,,0.03515625,
20,0.494025,46.0,-63.916668,2025-01-01 20:00:00,,0.0078125,,,,,0.028320312,
21,0.494025,46.0,-63.916668,2025-01-01 21:00:00,,-0.009765625,,,,,-0.0107421875,
22,0.494025,46.0,-63.916668,2025-01-01 22:00:00,,-0.028320312,,,,,-0.048828125,
23,0.494025,46.0,-63.916668,2025-01-01 23:00:00,,-0.033203125,,,,,-0.0546875,
24,0.494025,46.0,-63.916668,2025-01-02 00:00:00,,-0.026367188,,,,,-0.041015625,
25,0.494025,46.0,-63.916668,2025-01-02 01:00:00,,-0.0146484375,,,,,-0.02734375,
26,0.494025,46.0,-63.916668,2025-01-02 02:00:00,,0.00390625,,,,,-0.00390625,
27,0.494025,46.0,-63.916668,2025-01-02 03:00:00,,0.024414062,,,,,0.036132812,
28,0.494025,46.0,-63.916668,2025-01-02 04:00:00,,0.036132812,,,,,0.07128906,
29,0.494025,46.0,-63.916668,2025-01-02 05:00:00,,0.03515625,,,,,0.080078125,
30,0.494025,46.0,-63.916668,2025-01-02 06:00:00,,0.036132812,,,,,0.07519531,
31,0.494025,46.0,-63.916668,2025-01-02 07:00:00,,0.045898438,,,,,0.07519531,
32,0.494025,46.0,-63.916668,2025-01-02 08:00:00,,0.049804688,,,,,0.06640625,
33,0.494025,46.0,-63.916668,2025-01-02 09:00:00,,0.030273438,,,,,0.022460938,
34,0.494025,46.0,-63.916668,2025-01-02 10:00:00,,-0.0,,,,,-0.0390625,
35,0.494025,46.0,-63.916668,2025-01-02 11:00:00,,-0.022460938,,,,,-0.07519531,
36,0.494025,46.0,-63.916668,2025-01-02 12:00:00,,-0.03125,,,,,-0.07910156,
37,0.494025,46.0,-63.916668,2025-01-02 13:00:00,,-0.033203125,,,,,-0.07421875,
38,0.494025,46.0,-63.916668,2025-01-02 14:00:00,,-0.028320312,,,,,-0.064453125,
39,0.494025,46.0,-63.916668,2025-01-02 15:00:00,,-0.016601562,,,,,-0.03515625,
40,0.494025,46.0,-63.916668,2025-01-02 16:00:00,,-0.0078125,,,,,0.00390625,
41,0.494025,46.0,-63.916668,2025-01-02 17:00:00,,-0.0078125,,,,,0.026367188,
42,0.494025,46.0,-63.916668,2025-01-02 18:00:00,,-0.01171875,,,,,0.02734375,
43,0.494025,46.0,-63.916668,2025-01-02 19:00:00,,-0.0029296875,,,,,0.03125,
44,0.494025,46.0,-63.916668,2025-01-02 20:00:00,,0.0087890625,,,,,0.038085938,
45,0.494025,46.0,-63.916668,2025-01-02 21:00:00,,0.005859375,,,,,0.020507812,
46,0.494025,46.0,-63.916668,2025-01-02 22:00:00,,-0.0146484375,,,,,-0.0234375,
47,0.494025,46.0,-63.916668,2025-01-02 23:00:00,,-0.03125,,,,,-0.055664062,
48,0.494025,46.0,-63.916668,2025-01-03 00:00:00,,-0.033203125,,,,,-0.052734375,
49,0.494025,46.0,-63.916668,2025-01-03 01:00:00,,-0.024414062,,,,,-0.036132812,
50,0.494025,46.0,-63.916668,2025-01-03 02:00:00,,-0.0107421875,,,,,-0.022460938,
51,0.494025,46.0,-63.916668,2025-01-03 03:00:00,,0.0078125,,,,,0.0029296875,
52,0.494025,46.0,-63.916668,2025-01-03 04:00:00,,0.02734375,,,,,0.043945312,
53,0.494025,46.0,-63.916668,2025-01-03 05:00:00,,0.036132812,,,,,0.076171875,
54,0.494025,46.0,-63.916668,2025-01-03 06:00:00,,0.03515625,,,,,0.08300781,
55,0.494025,46.0,-63.916668,2025-01-03 07:00:00,,0.037109375,,,,,0.078125,
56,0.494025,46.0,-63.916668,2025-01-03 08:00:00,,0.045898438,,,,,0.076171875,
57,0.494025,46.0,-63.916668,2025-01-03 09:00:00,,0.044921875,,,,,0.056640625,
58,0.494025,46.0,-63.916668,2025-01-03 10:00:00,,0.021484375,,,,,0.00390625,
59,0.494025,46.0,-63.916668,2025-01-03 11:00:00,,-0.009765625,,,,,-0.0546875,
60,0.494025,46.0,-63.916668,2025-01-03 12:00:00,,-0.02734375,,,,,-0.08105469,
61,0.494025,46.0,-63.916668,2025-01-03 13:00:00,,-0.032226562,,,,,-0.07910156,
62,0.494025,46.0,-63.916668,2025-01-03 14:00:00,,-0.032226562,,,,,-0.07421875,
63,0.494025,46.0,-63.916668,2025-01-03 15:00:00,,-0.025390625,,,,,-0.0625,
64,0.494025,46.0,-63.916668,2025-01-03 16:00:00,,-0.0126953125,,,,,-0.029296875,
65,0.494025,46.0,-63.916668,2025-01-03 17:00:00,,-0.00390625,,,,,0.0107421875,
66,0.494025,46.0,-63.916668,2025-01-03 18:00:00,,-0.0048828125,,,,,0.032226562,
67,0.494025,46.0,-63.916668,2025-01-03 19:00:00,,-0.0068359375,,,,,0.034179688,
68,0.494025,46.0,-63.916668,2025-01-03 20:00:00,,0.0029296875,,,,,0.037109375,
69,0.494025,46.0,-63.916668,2025-01-03 21:00:00,,0.01171875,,,,,0.0390625,
70,0.494025,46.0,-63.916668,2025-01-03 22:00:00,,0.00390625,,,,,0.013671875,
71,0.494025,46.0,-63.916668,2025-01-03 23:00:00,,-0.018554688,,,,,-0.03125,
72,0.494025,46.0,-63.916668,2025-01-04 00:00:00,,-0.032226562,,,,,-0.056640625,
73,0.494025,46.0,-63.916668,2025-01-04 01:00:00,,-0.030273438,,,,,-0.047851562,
74,0.494025,46.0,-63.916668,2025-01-04 02:00:00,,-0.020507812,,,,,-0.032226562,
75,0.494025,46.0,-63.916668,2025-01-04 03:00:00,,-0.0078125,,,,,-0.01953125,
76,0.494025,46.0,-63.916668,2025-01-04 04:00:00,,0.0107421875,,,,,0.005859375,
77,0.494025,46.0,-63.916668,2025-01-04 05:00:00,,0.028320312,,,,,0.046875,
78,0.494025,46.0,-63.916668,2025-01-04 06:00:00,,0.03515625,,,,,0.078125,
79,0.494025,46.0,-63.916668,2025-01-04 07:00:00,,0.033203125,,,,,0.08203125,
80,0.494025,46.0,-63.916668,2025-01-04 08:00:00,,0.03515625,,,,,0.076171875,
81,0.494025,46.0,-63.916668,2025-01-04 09:00:00,,0.04296875,,,,,0.0703125,
82,0.494025,46.0,-63.916668,2025-01-04 10:00:00,,0.037109375,,,,,0.043945312,
83,0.494025,46.0,-63.916668,2025-01-04 11:00:00,,0.0107421875,,,,,-0.01171875,
84,0.494025,46.0,-63.916668,2025-01-04 12:00:00,,-0.017578125,,,,,-0.064453125,
85,0.494025,46.0,-63.916668,2025-01-04 13:00:00,,-0.030273438,,,,,-0.08203125,
86,0.494025,46.0,-63.916668,2025-01-04 14:00:00,,-0.032226562,,,,,-0.076171875,
87,0.494025,46.0,-63.916668,2025-01-04 15:00:00,,-0.030273438,,,,,-0.072265625,
88,0.494025,46.0,-63.916668,2025-01-04 16:00:00,,-0.021484375,,,,,-0.05859375,
89,0.494025,46.0,-63.916668,2025-01-04 17:00:00,,-0.0087890625,,,,,-0.022460938,
90,0.494025,46.0,-63.916668,2025-01-04 18:00:00,,0.0,,,,,0.018554688,
91,0.494025,46.0,-63.916668,2025-01-04 19:00:00,,-0.0009765625,,,,,0.038085938,
92,0.494025,46.0,-63.916668,2025-01-04 20:00:00,,-0.0009765625,,,,,0.0390625,
93,0.494025,46.0,-63.916668,2025-01-04 21:00:00,,0.0087890625,,,,,0.041992188,
94,0.494025,46.0,-63.916668,2025-01-04 22:00:00,,0.0146484375,,,,,0.038085938,
95,0.494025,46.0,-63.916668,2025-01-04 23:00:00,,0.001953125,,,,,0.0078125,
96,0.494025,46.0,-63.916668,2025-01-05 00:00:00,,-0.020507812,,,,,-0.03515625,
97,0.494025,46.0,-63.916668,2025-01-05 01:00:00,,-0.03125,,,,,-0.052734375,
98,0.494025,46.0,-63.916668,2025-01-05 02:00:00,,-0.02734375,,,,,-0.041992188,
99,0.494025,46.0,-63.916668,2025-01-05 03:00:00,,-0.017578125,,,,,-0.029296875,
100,0.494025,46.0,-63.916668,2025-01-05 04:00:00,,-0.0048828125,,,,,-0.020507812,
101,0.494025,46.0,-63.916668,2025-01-05 05:00:00,,0.01171875,,,,,0.005859375,
102,0.494025,46.0,-63.916668,2025-01-05 06:00:00,,0.02734375,,,,,0.047851562,
103,0.494025,46.0,-63.916668,2025-01-05 07:00:00,,0.032226562,,,,,0.07519531,
104,0.494025,46.0,-63.916668,2025-01-05 08:00:00,,0.029296875,,,,,0.076171875,
105,0.494025,46.0,-63.916668,2025-01-05 09:00:00,,0.032226562,,,,,0.06933594,
106,0.494025,46.0,-63.916668,2025-01-05 10:00:00,,0.037109375,,,,,0.061523438,
107,0.494025,46.0,-63.916668,2025-01-05 11:00:00,,0.02734375,,,,,0.03125,
108,0.494025,46.0,-63.916668,2025-01-05 12:00:00,,0.0009765625,,,,,-0.024414062,
109,0.494025,46.0,-63.916668,2025-01-05 13:00:00,,-0.0234375,,,,,-0.068359375,
110,0.494025,46.0,-63.916668,2025-01-05 14:00:00,,-0.03125,,,,,-0.07714844,
111,0.494025,46.0,-63.916668,2025-01-05 15:00:00,,-0.030273438,,,,,-0.072265625,
112,0.494025,46.0,-63.916668,2025-01-05 16:00:00,,-0.02734375,,,,,-0.06933594,
113,0.494025,46.0,-63.916668,2025-01-05 17:00:00,,-0.017578125,,,,,-0.053710938,
114,0.494025,46.0,-63.916668,2025-01-05 18:00:00,,-0.0029296875,,,,,-0.013671875,
115,0.494025,46.0,-63.916668,2025-01-05 19:00:00,,0.005859375,,,,,0.02734375,
116,0.494025,46.0,-63.916668,2025-01-05 20:00:00,,0.0048828125,,,,,0.04296875,
117,0.494025,46.0,-63.916668,2025-01-05 21:00:00,,0.005859375,,,,,0.04296875,
118,0.494025,46.0,-63.916668,2025-01-05 22:00:00,,0.0146484375,,,,,0.044921875,
119,0.494025,46.0,-63.916668,2025-01-05 23:00:00,,0.017578125,,,,,0.0390625,
120,0.494025,46.0,-63.916668,2025-01-06 00:00:00,,0.001953125,,,,,0.0048828125,
121,0.494025,46.0,-63.916668,2025-01-06 01:00:00,,-0.01953125,,,,,-0.034179688,
122,0.494025,46.0,-63.916668,2025-01-06 02:00:00,,-0.02734375,,,,,-0.046875,
123,0.494025,46.0,-63.916668,2025-01-06 03:00:00,,-0.022460938,,,,,-0.036132812,
124,0.494025,46.0,-63.916668,2025-01-06 04:00:00,,-0.015625,,,,,-0.030273438,
125,0.494025,46.0,-63.916668,2025-01-06 05:00:00,,-0.0048828125,,,,,-0.024414062,
126,0.494025,46.0,-63.916668,2025-01-06 06:00:00,,0.0107421875,,,,,0.00390625,
127,0.494025,46.0,-63.916668,2025-01-06 07:00:00,,0.024414062,,,,,0.043945312,
128,0.494025,46.0,-63.916668,2025-01-06 08:00:00,,0.026367188,,,,,0.06640625,
129,0.494025,46.0,-63.916668,2025-01-06 09:00:00,,0.022460938,,,,,0.064453125,
130,0.494025,46.0,-63.916668,2025-01-06 10:00:00,,0.025390625,,,,,0.05859375,
131,0.494025,46.0,-63.916668,2025-01-06 11:00:00,,0.029296875,,,,,0.05078125,
132,0.494025,46.0,-63.916668,2025-01-06 12:00:00,,0.017578125,,,,,0.020507812,
133,0.494025,46.0,-63.916668,2025-01-06 13:00:00,,-0.0078125,,,,,-0.03125,
134,0.494025,46.0,-63.916668,2025-01-06 14:00:00,,-0.026367188,,,,,-0.06640625,
135,0.494025,46.0,-63.916668,2025-01-06 15:00:00,,-0.030273438,,,,,-0.0703125,
136,0.494025,46.0,-63.916668,2025-01-06 16:00:00,,-0.028320312,,,,,-0.06542969,
137,0.494025,46.0,-63.916668,2025-01-06 17:00:00,,-0.024414062,,,,,-0.06347656,
138,0.494025,46.0,-63.916668,2025-01-06 18:00:00,,-0.0126953125,,,,,-0.044921875,
139,0.494025,46.0,-63.916668,2025-01-06 19:00:00,,0.0029296875,,,,,-0.0029296875,
140,0.494025,46.0,-63.916668,2025-01-06 20:00:00,,0.01171875,,,,,0.034179688,
141,0.494025,46.0,-63.916668,2025-01-06 21:00:00,,0.0107421875,,,,,0.045898438,
142,0.494025,46.0,-63.916668,2025-01-06 22:00:00,,0.01171875,,,,,0.044921875,
143,0.494025,46.0,-63.916668,2025-01-06 23:00:00,,0.020507812,,,,,0.048828125,
144,0.494025,46.0,-63.916668,2025-01-07 00:00:00,,0.01953125,,,,,0.040039062,
145,0.494025,46.0,-63.916668,2025-01-07 01:00:00,,0.0029296875,,,,,0.005859375,
146,0.494025,46.0,-63.916668,2025-01-07 02:00:00,,-0.015625,,,,,-0.03125,
147,0.494025,46.0,-63.916668,2025-01-07 03:00:00,,-0.022460938,,,,,-0.041015625,
148,0.494025,46.0,-63.916668,2025-01-07 04:00:00,,-0.01953125,,,,,-0.034179688,
149,0.494025,46.0,-63.916668,2025-01-07 05:00:00,,-0.015625,,,,,-0.034179688,
150,0.494025,46.0,-63.916668,2025-01-07 06:00:00,,-0.0068359375,,,,,-0.029296875,
151,0.494025,46.0,-63.916668,2025-01-07 07:00:00,,0.0087890625,,,,,-0.0009765625,
152,0.494025,46.0,-63.916668,2025-01-07 08:00:00,,0.01953125,,,,,0.036132812,
153,0.494025,46.0,-63.916668,2025-01-07 09:00:00,,0.01953125,,,,,0.052734375,
154,0.494025,46.0,-63.916668,2025-01-07 10:00:00,,0.0146484375,,,,,0.049804688,
155,0.494025,46.0,-63.916668,2025-01-07 11:00:00,,0.017578125,,,,,0.047851562,
156,0.494025,46.0,-63.916668,2025-01-07 12:00:00,,0.020507812,,,,,0.04296875,
157,0.494025,46.0,-63.916668,2025-01-07 13:00:00,,0.0087890625,,,,,0.013671875,
158,0.494025,46.0,-63.916668,2025-01-07 14:00:00,,-0.013671875,,,,,-0.033203125,
159,0.494025,46.0,-63.916668,2025-01-07 15:00:00,,-0.02734375,,,,,-0.061523438,
160,0.494025,46.0,-63.916668,2025-01-07 16:00:00,,-0.028320312,,,,,-0.061523438,
161,0.494025,46.0,-63.916668,2025-01-07 17:00:00,,-0.026367188,,,,,-0.05859375,
162,0.494025,46.0,-63.916668,2025-01-07 18:00:00,,-0.020507812,,,,,-0.057617188,
163,0.494025,46.0,-63.916668,2025-01-07 19:00:00,,-0.0068359375,,,,,-0.03515625,
164,0.494025,46.0,-63.916668,2025-01-07 20:00:00,,0.0107421875,,,,,0.0068359375,
165,0.494025,46.0,-63.916668,2025-01-07 21:00:00,,0.017578125,,,,,0.0390625,
166,0.494025,46.0,-63.916668,2025-01-07 22:00:00,,0.015625,,,,,0.046875,
167,0.494025,46.0,-63.916668,2025-01-07 23:00:00,,0.017578125,,,,,0.047851562,
168,0.494025,46.0,-63.916668,2025-01-08 00:00:00,,0.025390625,,,,,0.053710938,
169,0.494025,46.0,-63.916668,2025-01-08 01:00:00,,0.0234375,,,,,0.043945312,
170,0.494025,46.0,-63.916668,2025-01-08 02:00:00,,0.005859375,,,,,0.0068359375,
171,0.494025,46.0,-63.916668,2025-01-08 03:00:00,,-0.01171875,,,,,-0.02734375,
172,0.494025,46.0,-63.916668,2025-01-08 04:00:00,,-0.017578125,,,,,-0.036132812,
173,0.494025,46.0,-63.916668,2025-01-08 05:00:00,,-0.018554688,,,,,-0.034179688,
174,0.494025,46.0,-63.916668,2025-01-08 06:00:00,,-0.016601562,,,,,-0.0390625,
175,0.494025,46.0,-63.916668,2025-01-08 07:00:00,,-0.009765625,,,,,-0.036132812,
176,0.494025,46.0,-63.916668,2025-01-08 08:00:00,,0.0048828125,,,,,-0.0078125,
177,0.494025,46.0,-63.916668,2025-01-08 09:00:00,,0.013671875,,,,,0.025390625,
178,0.494025,46.0,-63.916668,2025-01-08 10:00:00,,0.009765625,,,,,0.038085938,
179,0.494025,46.0,-63.916668,2025-01-08 11:00:00,,0.0048828125,,,,,0.036132812,
180,0.494025,46.0,-63.916668,2025-01-08 12:00:00,,0.009765625,,,,,0.040039062,
181,0.494025,46.0,-63.916668,2025-01-08 13:00:00,,0.013671875,,,,,0.0390625,
182,0.494025,46.0,-63.916668,2025-01-08 14:00:00,,0.001953125,,,,,0.0107421875,
183,0.494025,46.0,-63.916668,2025-01-08 15:00:00,,-0.016601562,,,,,-0.032226562,
184,0.494025,46.0,-63.916668,2025-01-08 16:00:00,,-0.026367188,,,,,-0.053710938,
185,0.494025,46.0,-63.916668,2025-01-08 17:00:00,,-0.026367188,,,,,-0.052734375,
186,0.494025,46.0,-63.916668,2025-01-08 18:00:00,,-0.024414062,,,,,-0.051757812,
187,0.494025,46.0,-63.916668,2025-01-08 19:00:00,,-0.016601562,,,,,-0.049804688,
188,0.494025,46.0,-63.916668,2025-01-08 20:00:00,,0.0,,,,,-0.026367188,
189,0.494025,46.0,-63.916668,2025-01-08 21:00:00,,0.017578125,,,,,0.0146484375,
190,0.494025,46.0,-63.916668,2025-01-08 22:00:00,,0.022460938,,,,,0.041015625,
191,0.494025,46.0,-63.916668,2025-01-08 23:00:00,,0.01953125,,,,,0.046875,
192,0.494025,46.0,-63.916668,2025-01-09 00:00:00,,0.0234375,,,,,0.05078125,
193,0.494025,46.0,-63.916668,2025-01-09 01:00:00,,0.03125,,,,,0.059570312,
194,0.494025,46.0,-63.916668,2025-01-09 02:00:00,,0.02734375,,,,,0.047851562,
195,0.494025,46.0,-63.916668,2025-01-09 03:00:00,,0.009765625,,,,,0.0087890625,
196,0.494025,46.0,-63.916668,2025-01-09 04:00:00,,-0.0078125,,,,,-0.025390625,
197,0.494025,46.0,-63.916668,2025-01-09 05:00:00,,-0.015625,,,,,-0.034179688,
198,0.494025,46.0,-63.916668,2025-01-09 06:00:00,,-0.018554688,,,,,-0.037109375,
199,0.494025,46.0,-63.916668,2025-01-09 07:00:00,,-0.020507812,,,,,-0.046875,
200,0.494025,46.0,-63.916668,2025-01-09 08:00:00,,-0.0126953125,,,,,-0.04296875,
201,0.494025,46.0,-63.916668,2025-01-09 09:00:00,,0.0009765625,,,,,-0.0146484375,
202,0.494025,46.0,-63.916668,2025-01-09 10:00:00,,0.0068359375,,,,,0.0146484375,
203,0.494025,46.0,-63.916668,2025-01-09 11:00:00,,0.0009765625,,,,,0.024414062,
204,0.494025,46.0,-63.916668,2025-01-09 12:00:00,,-0.0029296875,,,,,0.026367188,
205,0.494025,46.0,-63.916668,2025-01-09 13:00:00,,0.00390625,,,,,0.036132812,
206,0.494025,46.0,-63.916668,2025-01-09 14:00:00,,0.0087890625,,,,,0.038085938,
207,0.494025,46.0,-63.916668,2025-01-09 15:00:00,,-0.001953125,,,,,0.009765625,
208,0.494025,46.0,-63.916668,2025-01-09 16:00:00,,-0.017578125,,,,,-0.029296875,
209,0.494025,46.0,-63.916668,2025-01-09 17:00:00,,-0.025390625,,,,,-0.046875,
210,0.494025,46.0,-63.916668,2025-01-09 18:00:00,,-0.025390625,,,,,-0.044921875,
211,0.494025,46.0,-63.916668,2025-01-09 19:00:00,,-0.022460938,,,,,-0.046875,
212,0.494025,46.0,-63.916668,2025-01-09 20:00:00,,-0.0126953125,,,,,-0.044921875,
213,0.494025,46.0,-63.916668,2025-01-09 21:00:00,,0.005859375,,,,,-0.018554688,
214,0.494025,46.0,-63.916668,2025-01-09 22:00:00,,0.0234375,,,,,0.020507812,
215,0.494025,46.0,-63.916668,2025-01-09 23:00:00,,0.026367188,,,,,0.041992188,
216,0.494025,46.0,-63.916668,2025-01-10 00:00:00,,0.0234375,,,,,0.046875,
217,0.494025,46.0,-63.916668,2025-01-10 01:00:00,,0.028320312,,,,,0.055664062,
218,0.494025,46.0,-63.916668,2025-01-10 02:00:00,,0.037109375,,,,,0.06542969,
219,0.494025,46.0,-63.916668,2025-01-10 03:00:00,,0.032226562,,,,,0.05078125,
220,0.494025,46.0,-63.916668,2025-01-10 04:00:00,,0.0126953125,,,,,0.009765625,
221,0.494025,46.0,-63.916668,2025-01-10 05:00:00,,-0.0048828125,,,,,-0.0234375,
222,0.494025,46.0,-63.916668,2025-01-10 06:00:00,,-0.0146484375,,,,,-0.033203125,
223,0.494025,46.0,-63.916668,2025-01-10 07:00:00,,-0.021484375,,,,,-0.041992188,
224,0.494025,46.0,-63.916668,2025-01-10 08:00:00,,-0.0234375,,,,,-0.0546875,
225,0.494025,46.0,-63.916668,2025-01-10 09:00:00,,-0.015625,,,,,-0.049804688,
226,0.494025,46.0,-63.916668,2025-01-10 10:00:00,,-0.00390625,,,,,-0.021484375,
227,0.494025,46.0,-63.916668,2025-01-10 11:00:00,,-0.0009765625,,,,,0.0048828125,
228,0.494025,46.0,-63.916668,2025-01-10 12:00:00,,-0.0087890625,,,,,0.013671875,
229,0.494025,46.0,-63.916668,2025-01-10 13:00:00,,-0.009765625,,,,,0.020507812,
230,0.494025,46.0,-63.916668,2025-01-10 14:00:00,,0.0009765625,,,,,0.037109375,
231,0.494025,46.0,-63.916668,2025-01-10 15:00:00,,0.0068359375,,,,,0.040039062,
232,0.494025,46.0,-63.916668,2025-01-10 16:00:00,,-0.00390625,,,,,0.0107421875,
233,0.494025,46.0,-63.916668,2025-01-10 17:00:00,,-0.018554688,,,,,-0.026367188,
234,0.494025,46.0,-63.916668,2025-01-10 18:00:00,,-0.024414062,,,,,-0.040039062,
235,0.494025,46.0,-63.916668,2025-01-10 19:00:00,,-0.024414062,,,,,-0.040039062,
236,0.494025,46.0,-63.916668,2025-01-10 20:00:00,,-0.021484375,,,,,-0.043945312,
237,0.494025,46.0,-63.916668,2025-01-10 21:00:00,,-0.0087890625,,,,,-0.041015625,
238,0.494025,46.0,-63.916668,2025-01-10 22:00:00,,0.01171875,,,,,-0.0126953125,
239,0.494025,46.0,-63.916668,2025-01-10 23:00:00,,0.026367188,,,,,0.024414062,
240,0.494025,46.0,-63.916668,2025-01-11 00:00:00,,0.02734375,,,,,0.04296875,
241,0.494025,46.0,-63.916668,2025-01-11 01:00:00,,0.025390625,,,,,0.047851562,
242,0.494025,46.0,-63.916668,2025-01-11 02:00:00,,0.034179688,,,,,0.061523438,
243,0.494025,46.0,-63.916668,2025-01-11 03:00:00,,0.043945312,,,,,0.072265625,
244,0.494025,46.0,-63.916668,2025-01-11 04:00:00,,0.036132812,,,,,0.053710938,
245,0.494025,46.0,-63.916668,2025-01-11 05:00:00,,0.015625,,,,,0.009765625,
246,0.494025,46.0,-63.916668,2025-01-11 06:00:00,,-0.00390625,,,,,-0.022460938,
247,0.494025,46.0,-63.916668,2025-01-11 07:00:00,,-0.016601562,,,,,-0.03515625,
248,0.494025,46.0,-63.916668,2025-01-11 08:00:00,,-0.024414062,,,,,-0.048828125,
249,0.494025,46.0,-63.916668,2025-01-11 09:00:00,,-0.02734375,,,,,-0.0625,
250,0.494025,46.0,-63.916668,2025-01-11 10:00:00,,-0.018554688,,,,,-0.055664062,
251,0.494025,46.0,-63.916668,2025-01-11 11:00:00,,-0.0078125,,,,,-0.026367188,
252,0.494025,46.0,-63.916668,2025-01-11 12:00:00,,-0.0078125,,,,,-0.001953125,
253,0.494025,46.0,-63.916668,2025-01-11 13:00:00,,-0.015625,,,,,0.0068359375,
254,0.494025,46.0,-63.916668,2025-01-11 14:00:00,,-0.0126953125,,,,,0.01953125,
255,0.494025,46.0,-63.916668,2025-01-11 15:00:00,,0.0009765625,,,,,0.041015625,
256,0.494025,46.0,-63.916668,2025-01-11 16:00:00,,0.0068359375,,,,,0.04296875,
257,0.494025,46.0,-63.916668,2025-01-11 17:00:00,,-0.00390625,,,,,0.01171875,
258,0.494025,46.0,-63.916668,2025-01-11 18:00:00,,-0.018554688,,,,,-0.0234375,
259,0.494025,46.0,-63.916668,2025-01-11 19:00:00,,-0.025390625,,,,,-0.036132812,
260,0.494025,46.0,-63.916668,2025-01-11 20:00:00,,-0.025390625,,,,,-0.038085938,
261,0.494025,46.0,-63.916668,2025-01-11 21:00:00,,-0.020507812,,,,,-0.043945312,
262,0.494025,46.0,-63.916668,2025-01-11 22:00:00,,-0.005859375,,,,,-0.037109375,
263,0.494025,46.0,-63.916668,2025-01-11 23:00:00,,0.0146484375,,,,,-0.005859375,
264,0.494025,46.0,-63.916668,2025-01-12 00:00:00,,0.028320312,,,,,0.028320312,
265,0.494025,46.0,-63.916668,2025-01-12 01:00:00,,0.02734375,,,,,0.043945312,
266,0.494025,46.0,-63.916668,2025-01-12 02:00:00,,0.028320312,,,,,0.05078125,
267,0.494025,46.0,-63.916668,2025-01-12 03:00:00,,0.040039062,,,,,0.068359375,
268,0.494025,46.0,-63.916668,2025-01-12 04:00:00,,0.049804688,,,,,0.07910156,
269,0.494025,46.0,-63.916668,2025-01-12 05:00:00,,0.040039062,,,,,0.0546875,
270,0.494025,46.0,-63.916668,2025-01-12 06:00:00,,0.015625,,,,,0.0078125,
271,0.494025,46.0,-63.916668,2025-01-12 07:00:00,,-0.0048828125,,,,,-0.024414062,
272,0.494025,46.0,-63.916668,2025-01-12 08:00:00,,-0.018554688,,,,,-0.040039062,
273,0.494025,46.0,-63.916668,2025-01-12 09:00:00,,-0.028320312,,,,,-0.056640625,
274,0.494025,46.0,-63.916668,2025-01-12 10:00:00,,-0.029296875,,,,,-0.06933594,
275,0.494025,46.0,-63.916668,2025-01-12 11:00:00,,-0.020507812,,,,,-0.057617188,
276,0.494025,46.0,-63.916668,2025-01-12 12:00:00,,-0.01171875,,,,,-0.02734375,
277,0.494025,46.0,-63.916668,2025-01-12 13:00:00,,-0.013671875,,,,,-0.005859375,
278,0.494025,46.0,-63.916668,2025-01-12 14:00:00,,-0.01953125,,,,,0.0029296875,
279,0.494025,46.0,-63.916668,2025-01-12 15:00:00,,-0.0126953125,,,,,0.021484375,
280,0.494025,46.0,-63.916668,2025-01-12 16:00:00,,0.00390625,,,,,0.046875,
281,0.494025,46.0,-63.916668,2025-01-12 17:00:00,,0.0078125,,,,,0.045898438,
282,0.494025,46.0,-63.916668,2025-01-12 18:00:00,,-0.0048828125,,,,,0.0107421875,
283,0.494025,46.0,-63.916668,2025-01-12 19:00:00,,-0.020507812,,,,,-0.024414062,
284,0.494025,46.0,-63.916668,2025-01-12 20:00:00,,-0.026367188,,,,,-0.036132812,
285,0.494025,46.0,-63.916668,2025-01-12 21:00:00,,-0.026367188,,,,,-0.040039062,
286,0.494025,46.0,-63.916668,2025-01-12 22:00:00,,-0.020507812,,,,,-0.044921875,
287,0.494025,46.0,-63.916668,2025-01-12 23:00:00,,-0.00390625,,,,,-0.034179688,
288,0.494025,46.0,-63.916668,2025-01-13 00:00:00,,0.016601562,,,,,0.0,
289,0.494025,46.0,-63.916668,2025-01-13 01:00:00,,0.02734375,,,,,0.032226562,
290,0.494025,46.0,-63.916668,2025-01-13 02:00:00,,0.02734375,,,,,0.044921875,
291,0.494025,46.0,-63.916668,2025-01-13 03:00:00,,0.03125,,,,,0.0546875,
292,0.494025,46.0,-63.916668,2025-01-13 04:00:00,,0.046875,,,,,0.076171875,
293,0.494025,46.0,-63.916668,2025-01-13 05:00:00,,0.0546875,,,,,0.083984375,
294,0.494025,46.0,-63.916668,2025-01-13 06:00:00,,0.041015625,,,,,0.053710938,
295,0.494025,46.0,-63.916668,2025-01-13 07:00:00,,0.0146484375,,,,,0.00390625,
296,0.494025,46.0,-63.916668,2025-01-13 08:00:00,,-0.0068359375,,,,,-0.029296875,
297,0.494025,46.0,-63.916668,2025-01-13 09:00:00,,-0.021484375,,,,,-0.046875,
298,0.494025,46.0,-63.916668,2025-01-13 10:00:00,,-0.03125,,,,,-0.064453125,
299,0.494025,46.0,-63.916668,2025-01-13 11:00:00,,-0.030273438,,,,,-0.07324219,
300,0.494025,46.0,-63.916668,2025-01-13 12:00:00,,-0.021484375,,,,,-0.056640625,
301,0.494025,46.0,-63.916668,2025-01-13 13:00:00,,-0.0146484375,,,,,-0.026367188,
302,0.494025,46.0,-63.916668,2025-01-13 14:00:00,,-0.017578125,,,,,-0.0078125,
303,0.494025,46.0,-63.916668,2025-01-13 15:00:00,,-0.021484375,,,,,0.0029296875,
304,0.494025,46.0,-63.916668,2025-01-13 16:00:00,,-0.009765625,,,,,0.026367188,
305,0.494025,46.0,-63.916668,2025-01-13 17:00:00,,0.0078125,,,,,0.052734375,
306,0.494025,46.0,-63.916668,2025-01-13 18:00:00,,0.0087890625,,,,,0.046875,
307,0.494025,46.0,-63.916668,2025-01-13 19:00:00,,-0.0068359375,,,,,0.0078125,
308,0.494025,46.0,-63.916668,2025-01-13 20:00:00,,-0.022460938,,,,,-0.028320312,
309,0.494025,46.0,-63.916668,2025-01-13 21:00:00,,-0.028320312,,,,,-0.0390625,
310,0.494025,46.0,-63.916668,2025-01-13 22:00:00,,-0.02734375,,,,,-0.04296875,
311,0.494025,46.0,-63.916668,2025-01-13 23:00:00,,-0.01953125,,,,,-0.044921875,
312,0.494025,46.0,-63.916668,2025-01-14 00:00:00,,-0.001953125,,,,,-0.02734375,
313,0.494025,46.0,-63.916668,2025-01-14 01:00:00,,0.018554688,,,,,0.0087890625,
314,0.494025,46.0,-63.916668,2025-01-14 02:00:00,,0.02734375,,,,,0.036132812,
315,0.494025,46.0,-63.916668,2025-01-14 03:00:00,,0.02734375,,,,,0.046875,
316,0.494025,46.0,-63.916668,2025-01-14 04:00:00,,0.03515625,,,,,0.059570312,
317,0.494025,46.0,-63.916668,2025-01-14 05:00:00,,0.051757812,,,,,0.083984375,
318,0.494025,46.0,-63.916668,2025-01-14 06:00:00,,0.057617188,,,,,0.08691406,
319,0.494025,46.0,-63.916668,2025-01-14 07:00:00,,0.0390625,,,,,0.047851562,
320,0.494025,46.0,-63.916668,2025-01-14 08:00:00,,0.0107421875,,,,,-0.0048828125,
321,0.494025,46.0,-63.916668,2025-01-14 09:00:00,,-0.0107421875,,,,,-0.038085938,
322,0.494025,46.0,-63.916668,2025-01-14 10:00:00,,-0.024414062,,,,,-0.053710938,
323,0.494025,46.0,-63.916668,2025-01-14 11:00:00,,-0.032226562,,,,,-0.06933594,
324,0.494025,46.0,-63.916668,2025-01-14 12:00:00,,-0.030273438,,,,,-0.07324219,
325,0.494025,46.0,-63.916668,2025-01-14 13:00:00,,-0.020507812,,,,,-0.051757812,
326,0.494025,46.0,-63.916668,2025-01-14 14:00:00,,-0.015625,,,,,-0.022460938,
327,0.494025,46.0,-63.916668,2025-01-14 15:00:00,,-0.01953125,,,,,-0.0068359375,
328,0.494025,46.0,-63.916668,2025-01-14 16:00:00,,-0.01953125,,,,,0.005859375,
329,0.494025,46.0,-63.916668,2025-01-14 17:00:00,,-0.0048828125,,,,,0.034179688,
330,0.494025,46.0,-63.916668,2025-01-14 18:00:00,,0.01171875,,,,,0.05859375,
331,0.494025,46.0,-63.916668,2025-01-14 19:00:00,,0.0078125,,,,,0.043945312,
332,0.494025,46.0,-63.916668,2025-01-14 20:00:00,,-0.0107421875,,,,,-0.0009765625,
333,0.494025,46.0,-63.916668,2025-01-14 21:00:00,,-0.025390625,,,,,-0.034179688,
334,0.494025,46.0,-63.916668,2025-01-14 22:00:00,,-0.030273438,,,,,-0.04296875,
335,0.494025,46.0,-63.916668,2025-01-14 23:00:00,,-0.02734375,,,,,-0.043945312,
336,0.494025,46.0,-63.916668,2025-01-15 00:00:00,,-0.018554688,,,,,-0.041015625,
337,0.494025,46.0,-63.916668,2025-01-15 01:00:00,,0.0009765625,,,,,-0.018554688,
338,0.494025,46.0,-63.916668,2025-01-15 02:00:00,,0.01953125,,,,,0.017578125,
339,0.494025,46.0,-63.916668,2025-01-15 03:00:00,,0.026367188,,,,,0.041015625,
340,0.494025,46.0,-63.916668,2025-01-15 04:00:00,,0.02734375,,,,,0.049804688,
341,0.494025,46.0,-63.916668,2025-01-15 05:00:00,,0.0390625,,,,,0.06542969,
342,0.494025,46.0,-63.916668,2025-01-15 06:00:00,,0.055664062,,,,,0.08886719,
343,0.494025,46.0,-63.916668,2025-01-15 07:00:00,,0.055664062,,,,,0.083984375,
344,0.494025,46.0,-63.916668,2025-01-15 08:00:00,,0.033203125,,,,,0.036132812,
345,0.494025,46.0,-63.916668,2025-01-15 09:00:00,,0.0048828125,,,,,-0.017578125,
346,0.494025,46.0,-63.916668,2025-01-15 10:00:00,,-0.0146484375,,,,,-0.046875,
347,0.494025,46.0,-63.916668,2025-01-15 11:00:00,,-0.026367188,,,,,-0.059570312,
348,0.494025,46.0,-63.916668,2025-01-15 12:00:00,,-0.032226562,,,,,-0.07128906,
349,0.494025,46.0,-63.916668,2025-01-15 13:00:00,,-0.028320312,,,,,-0.068359375,
350,0.494025,46.0,-63.916668,2025-01-15 14:00:00,,-0.018554688,,,,,-0.044921875,
351,0.494025,46.0,-63.916668,2025-01-15 15:00:00,,-0.015625,,,,,-0.017578125,
352,0.494025,46.0,-63.916668,2025-01-15 16:00:00,,-0.01953125,,,,,-0.0048828125,
353,0.494025,46.0,-63.916668,2025-01-15 17:00:00,,-0.015625,,,,,0.0107421875,
354,0.494025,46.0,-63.916668,2025-01-15 18:00:00,,0.0009765625,,,,,0.041015625,
355,0.494025,46.0,-63.916668,2025-01-15 19:00:00,,0.0146484375,,,,,0.060546875,
356,0.494025,46.0,-63.916668,2025-01-15 20:00:00,,0.005859375,,,,,0.037109375,
357,0.494025,46.0,-63.916668,2025-01-15 21:00:00,,-0.0146484375,,,,,-0.01171875,
358,0.494025,46.0,-63.916668,2025-01-15 22:00:00,,-0.028320312,,,,,-0.040039062,
359,0.494025,46.0,-63.916668,2025-01-15 23:00:00,,-0.030273438,,,,,-0.04296875,
360,0.494025,46.0,-63.916668,2025-01-16 00:00:00,,-0.026367188,,,,,-0.041015625,
361,0.494025,46.0,-63.916668,2025-01-16 01:00:00,,-0.0146484375,,,,,-0.033203125,
362,0.494025,46.0,-63.916668,2025-01-16 02:00:00,,0.00390625,,,,,-0.0078125,
363,0.494025,46.0,-63.916668,2025-01-16 03:00:00,,0.020507812,,,,,0.026367188,
364,0.494025,46.0,-63.916668,2025-01-16 04:00:00,,0.025390625,,,,,0.044921875,
365,0.494025,46.0,-63.916668,2025-01-16 05:00:00,,0.028320312,,,,,0.052734375,
366,0.494025,46.0,-63.916668,2025-01-16 06:00:00,,0.041015625,,,,,0.0703125,
367,0.494025,46.0,-63.916668,2025-01-16 07:00:00,,0.055664062,,,,,0.08886719,
368,0.494025,46.0,-63.916668,2025-01-16 08:00:00,,0.05078125,,,,,0.072265625,
369,0.494025,46.0,-63.916668,2025-01-16 09:00:00,,0.024414062,,,,,0.018554688,
370,0.494025,46.0,-63.916668,2025-01-16 10:00:00,,-0.0029296875,,,,,-0.033203125,
371,0.494025,46.0,-63.916668,2025-01-16 11:00:00,,-0.01953125,,,,,-0.0546875,
372,0.494025,46.0,-63.916668,2025-01-16 12:00:00,,-0.028320312,,,,,-0.0625,
373,0.494025,46.0,-63.916668,2025-01-16 13:00:00,,-0.03125,,,,,-0.06933594,
374,0.494025,46.0,-63.916668,2025-01-16 14:00:00,,-0.025390625,,,,,-0.061523438,
375,0.494025,46.0,-63.916668,2025-01-16 15:00:00,,-0.015625,,,,,-0.036132812,
376,0.494025,46.0,-63.916668,2025-01-16 16:00:00,,-0.0126953125,,,,,-0.01171875,
377,0.494025,46.0,-63.916668,2025-01-16 17:00:00,,-0.016601562,,,,,0.0009765625,
378,0.494025,46.0,-63.916668,2025-01-16 18:00:00,,-0.0107421875,,,,,0.018554688,
379,0.494025,46.0,-63.916668,2025-01-16 19:00:00,,0.0068359375,,,,,0.047851562,
380,0.494025,46.0,-63.916668,2025-01-16 20:00:00,,0.015625,,,,,0.057617188,
381,0.494025,46.0,-63.916668,2025-01-16 21:00:00,,0.001953125,,,,,0.024414062,
382,0.494025,46.0,-63.916668,2025-01-16 22:00:00,,-0.018554688,,,,,-0.022460938,
383,0.494025,46.0,-63.916668,2025-01-16 23:00:00,,-0.029296875,,,,,-0.043945312,
384,0.494025,46.0,-63.916668,2025-01-17 00:00:00,,-0.029296875,,,,,-0.040039062,
385,0.494025,46.0,-63.916668,2025-01-17 01:00:00,,-0.0234375,,,,,-0.034179688,
386,0.494025,46.0,-63.916668,2025-01-17 02:00:00,,-0.0107421875,,,,,-0.024414062,
387,0.494025,46.0,-63.916668,2025-01-17 03:00:00,,0.0087890625,,,,,0.0029296875,
388,0.494025,46.0,-63.916668,2025-01-17 04:00:00,,0.022460938,,,,,0.034179688,
389,0.494025,46.0,-63.916668,2025-01-17 05:00:00,,0.025390625,,,,,0.048828125,
390,0.494025,46.0,-63.916668,2025-01-17 06:00:00,,0.028320312,,,,,0.0546875,
391,0.494025,46.0,-63.916668,2025-01-17 07:00:00,,0.041015625,,,,,0.0703125,
392,0.494025,46.0,-63.916668,2025-01-17 08:00:00,,0.052734375,,,,,0.08105469,
393,0.494025,46.0,-63.916668,2025-01-17 09:00:00,,0.041992188,,,,,0.0546875,
394,0.494025,46.0,-63.916668,2025-01-17 10:00:00,,0.013671875,,,,,-0.0029296875,
395,0.494025,46.0,-63.916668,2025-01-17 11:00:00,,-0.0107421875,,,,,-0.045898438,
396,0.494025,46.0,-63.916668,2025-01-17 12:00:00,,-0.0234375,,,,,-0.05859375,
397,0.494025,46.0,-63.916668,2025-01-17 13:00:00,,-0.028320312,,,,,-0.061523438,
398,0.494025,46.0,-63.916668,2025-01-17 14:00:00,,-0.028320312,,,,,-0.064453125,
399,0.494025,46.0,-63.916668,2025-01-17 15:00:00,,-0.01953125,,,,,-0.052734375,
400,0.494025,46.0,-63.916668,2025-01-17 16:00:00,,-0.0107421875,,,,,-0.025390625,
401,0.494025,46.0,-63.916668,2025-01-17 17:00:00,,-0.009765625,,,,,-0.0029296875,
402,0.494025,46.0,-63.916668,2025-01-17 18:00:00,,-0.01171875,,,,,0.0078125,
403,0.494025,46.0,-63.916668,2025-01-17 19:00:00,,-0.00390625,,,,,0.025390625,
404,0.494025,46.0,-63.916668,2025-01-17 20:00:00,,0.01171875,,,,,0.049804688,
405,0.494025,46.0,-63.916668,2025-01-17 21:00:00,,0.015625,,,,,0.049804688,
406,0.494025,46.0,-63.916668,2025-01-17 22:00:00,,-0.001953125,,,,,0.0107421875,
407,0.494025,46.0,-63.916668,2025-01-17 23:00:00,,-0.021484375,,,,,-0.032226562,
408,0.494025,46.0,-63.916668,2025-01-18 00:00:00,,-0.029296875,,,,,-0.04296875,
409,0.494025,46.0,-63.916668,2025-01-18 01:00:00,,-0.026367188,,,,,-0.034179688,
410,0.494025,46.0,-63.916668,2025-01-18 02:00:00,,-0.018554688,,,,,-0.02734375,
411,0.494025,46.0,-63.916668,2025-01-18 03:00:00,,-0.005859375,,,,,-0.0146484375,
412,0.494025,46.0,-63.916668,2025-01-18 04:00:00,,0.01171875,,,,,0.0126953125,
413,0.494025,46.0,-63.916668,2025-01-18 05:00:00,,0.022460938,,,,,0.041015625,
414,0.494025,46.0,-63.916668,2025-01-18 06:00:00,,0.0234375,,,,,0.049804688,
415,0.494025,46.0,-63.916668,2025-01-18 07:00:00,,0.026367188,,,,,0.052734375,
416,0.494025,46.0,-63.916668,2025-01-18 08:00:00,,0.0390625,,,,,0.064453125,
417,0.494025,46.0,-63.916668,2025-01-18 09:00:00,,0.045898438,,,,,0.06738281,
418,0.494025,46.0,-63.916668,2025-01-18 10:00:00,,0.029296875,,,,,0.032226562,
419,0.494025,46.0,-63.916668,2025-01-18 11:00:00,,0.0009765625,,,,,-0.022460938,
420,0.494025,46.0,-63.916668,2025-01-18 12:00:00,,-0.018554688,,,,,-0.0546875,
421,0.494025,46.0,-63.916668,2025-01-18 13:00:00,,-0.025390625,,,,,-0.057617188,
422,0.494025,46.0,-63.916668,2025-01-18 14:00:00,,-0.02734375,,,,,-0.057617188,
423,0.494025,46.0,-63.916668,2025-01-18 15:00:00,,-0.0234375,,,,,-0.057617188,
424,0.494025,46.0,-63.916668,2025-01-18 16:00:00,,-0.013671875,,,,,-0.041992188,
425,0.494025,46.0,-63.916668,2025-01-18 17:00:00,,-0.0048828125,,,,,-0.01171875,
426,0.494025,46.0,-63.916668,2025-01-18 18:00:00,,-0.00390625,,,,,0.0078125,
427,0.494025,46.0,-63.916668,2025-01-18 19:00:00,,-0.005859375,,,,,0.015625,
428,0.494025,46.0,-63.916668,2025-01-18 20:00:00,,0.0029296875,,,,,0.030273438,
429,0.494025,46.0,-63.916668,2025-01-18 21:00:00,,0.016601562,,,,,0.047851562,
430,0.494025,46.0,-63.916668,2025-01-18 22:00:00,,0.013671875,,,,,0.0390625,
431,0.494025,46.0,-63.916668,2025-01-18 23:00:00,,-0.005859375,,,,,-0.001953125,
432,0.494025,46.0,-63.916668,2025-01-19 00:00:00,,-0.0234375,,,,,-0.036132812,
433,0.494025,46.0,-63.916668,2025-01-19 01:00:00,,-0.026367188,,,,,-0.038085938,
434,0.494025,46.0,-63.916668,2025-01-19 02:00:00,,-0.021484375,,,,,-0.02734375,
435,0.494025,46.0,-63.916668,2025-01-19 03:00:00,,-0.0146484375,,,,,-0.020507812,
436,0.494025,46.0,-63.916668,2025-01-19 04:00:00,,-0.0009765625,,,,,-0.0078125,
437,0.494025,46.0,-63.916668,2025-01-19 05:00:00,,0.0146484375,,,,,0.021484375,
438,0.494025,46.0,-63.916668,2025-01-19 06:00:00,,0.022460938,,,,,0.044921875,
439,0.494025,46.0,-63.916668,2025-01-19 07:00:00,,0.021484375,,,,,0.048828125,
440,0.494025,46.0,-63.916668,2025-01-19 08:00:00,,0.0234375,,,,,0.046875,
441,0.494025,46.0,-63.916668,2025-01-19 09:00:00,,0.034179688,,,,,0.053710938,
442,0.494025,46.0,-63.916668,2025-01-19 10:00:00,,0.03515625,,,,,0.048828125,
443,0.494025,46.0,-63.916668,2025-01-19 11:00:00,,0.015625,,,,,0.0107421875,
444,0.494025,46.0,-63.916668,2025-01-19 12:00:00,,-0.0107421875,,,,,-0.037109375,
445,0.494025,46.0,-63.916668,2025-01-19 13:00:00,,-0.024414062,,,,,-0.057617188,
446,0.494025,46.0,-63.916668,2025-01-19 14:00:00,,-0.026367188,,,,,-0.053710938,
447,0.494025,46.0,-63.916668,2025-01-19 15:00:00,,-0.024414062,,,,,-0.051757812,
448,0.494025,46.0,-63.916668,2025-01-19 16:00:00,,-0.018554688,,,,,-0.048828125,
449,0.494025,46.0,-63.916668,2025-01-19 17:00:00,,-0.0068359375,,,,,-0.028320312,
450,0.494025,46.0,-63.916668,2025-01-19 18:00:00,,0.0029296875,,,,,0.001953125,
451,0.494025,46.0,-63.916668,2025-01-19 19:00:00,,0.0029296875,,,,,0.017578125,
452,0.494025,46.0,-63.916668,2025-01-19 20:00:00,,0.0009765625,,,,,0.020507812,
453,0.494025,46.0,-63.916668,2025-01-19 21:00:00,,0.009765625,,,,,0.03125,
454,0.494025,46.0,-63.916668,2025-01-19 22:00:00,,0.01953125,,,,,0.043945312,
455,0.494025,46.0,-63.916668,2025-01-19 23:00:00,,0.01171875,,,,,0.029296875,
456,0.494025,46.0,-63.916668,2025-01-20 00:00:00,,-0.0087890625,,,,,-0.0107421875,
457,0.494025,46.0,-63.916668,2025-01-20 01:00:00,,-0.022460938,,,,,-0.036132812,
458,0.494025,46.0,-63.916668,2025-01-20 02:00:00,,-0.0234375,,,,,-0.032226562,
459,0.494025,46.0,-63.916668,2025-01-20 03:00:00,,-0.017578125,,,,,-0.021484375,
460,0.494025,46.0,-63.916668,2025-01-20 04:00:00,,-0.0107421875,,,,,-0.016601562,
461,0.494025,46.0,-63.916668,2025-01-20 05:00:00,,0.001953125,,,,,-0.001953125,
462,0.494025,46.0,-63.916668,2025-01-20 06:00:00,,0.015625,,,,,0.02734375,
463,0.494025,46.0,-63.916668,2025-01-20 07:00:00,,0.020507812,,,,,0.045898438,
464,0.494025,46.0,-63.916668,2025-01-20 08:00:00,,0.017578125,,,,,0.041992188,
465,0.494025,46.0,-63.916668,2025-01-20 09:00:00,,0.018554688,,,,,0.036132812,
466,0.494025,46.0,-63.916668,2025-01-20 10:00:00,,0.026367188,,,,,0.040039062,
467,0.494025,46.0,-63.916668,2025-01-20 11:00:00,,0.0234375,,,,,0.030273438,
468,0.494025,46.0,-63.916668,2025-01-20 12:00:00,,0.0029296875,,,,,-0.0068359375,
469,0.494025,46.0,-63.916668,2025-01-20 13:00:00,,-0.01953125,,,,,-0.045898438,
470,0.494025,46.0,-63.916668,2025-01-20 14:00:00,,-0.02734375,,,,,-0.055664062,
471,0.494025,46.0,-63.916668,2025-01-20 15:00:00,,-0.025390625,,,,,-0.047851562,
472,0.494025,46.0,-63.916668,2025-01-20 16:00:00,,-0.021484375,,,,,-0.044921875,
473,0.494025,46.0,-63.916668,2025-01-20 17:00:00,,-0.013671875,,,,,-0.0390625,
474,0.494025,46.0,-63.916668,2025-01-20 18:00:00,,0.0,,,,,-0.013671875,
475,0.494025,46.0,-63.916668,2025-01-20 19:00:00,,0.009765625,,,,,0.015625,
476,0.494025,46.0,-63.916668,2025-01-20 20:00:00,,0.009765625,,,,,0.025390625,
477,0.494025,46.0,-63.916668,2025-01-20 21:00:00,,0.0078125,,,,,0.0234375,
478,0.494025,46.0,-63.916668,2025-01-20 22:00:00,,0.015625,,,,,0.03125,
479,0.494025,46.0,-63.916668,2025-01-20 23:00:00,,0.021484375,,,,,0.0390625,
480,0.494025,46.0,-63.916668,2025-01-21 00:00:00,,0.0107421875,,,,,0.020507812,
481,0.494025,46.0,-63.916668,2025-01-21 01:00:00,,-0.009765625,,,,,-0.015625,
482,0.494025,46.0,-63.916668,2025-01-21 02:00:00,,-0.020507812,,,,,-0.034179688,
483,0.494025,46.0,-63.916668,2025-01-21 03:00:00,,-0.01953125,,,,,-0.026367188,
484,0.494025,46.0,-63.916668,2025-01-21 04:00:00,,-0.015625,,,,,-0.018554688,
485,0.494025,46.0,-63.916668,2025-01-21 05:00:00,,-0.009765625,,,,,-0.015625,
486,0.494025,46.0,-63.916668,2025-01-21 06:00:00,,0.001953125,,,,,0.001953125,
487,0.494025,46.0,-63.916668,2025-01-21 07:00:00,,0.0146484375,,,,,0.029296875,
488,0.494025,46.0,-63.916668,2025-01-21 08:00:00,,0.017578125,,,,,0.041992188,
489,0.494025,46.0,-63.916668,2025-01-21 09:00:00,,0.01171875,,,,,0.032226562,
490,0.494025,46.0,-63.916668,2025-01-21 10:00:00,,0.0126953125,,,,,0.0234375,
491,0.494025,46.0,-63.916668,2025-01-21 11:00:00,,0.018554688,,,,,0.026367188,
492,0.494025,46.0,-63.916668,2025-01-21 12:00:00,,0.0126953125,,,,,0.016601562,
493,0.494025,46.0,-63.916668,2025-01-21 13:00:00,,-0.0078125,,,,,-0.017578125,
494,0.494025,46.0,-63.916668,2025-01-21 14:00:00,,-0.024414062,,,,,-0.046875,
495,0.494025,46.0,-63.916668,2025-01-21 15:00:00,,-0.02734375,,,,,-0.048828125,
496,0.494025,46.0,-63.916668,2025-01-21 16:00:00,,-0.0234375,,,,,-0.040039062,
497,0.494025,46.0,-63.916668,2025-01-21 17:00:00,,-0.018554688,,,,,-0.038085938,
498,0.494025,46.0,-63.916668,2025-01-21 18:00:00,,-0.0078125,,,,,-0.028320312,
499,0.494025,46.0,-63.916668,2025-01-21 19:00:00,,0.0078125,,,,,-0.0,
500,0.494025,46.0,-63.916668,2025-01-21 20:00:00,,0.017578125,,,,,0.025390625,
501,0.494025,46.0,-63.916668,2025-01-21 21:00:00,,0.015625,,,,,0.028320312,
502,0.494025,46.0,-63.916668,2025-01-21 22:00:00,,0.013671875,,,,,0.022460938,
503,0.494025,46.0,-63.916668,2025-01-21 23:00:00,,0.020507812,,,,,0.030273438,
504,0.494025,46.0,-63.916668,2025-01-22 00:00:00,,0.0234375,,,,,0.036132812,
505,0.494025,46.0,-63.916668,2025-01-22 01:00:00,,0.009765625,,,,,0.015625,
506,0.494025,46.0,-63.916668,2025-01-22 02:00:00,,-0.0087890625,,,,,-0.017578125,
507,0.494025,46.0,-63.916668,2025-01-22 03:00:00,,-0.017578125,,,,,-0.030273438,
508,0.494025,46.0,-63.916668,2025-01-22 04:00:00,,-0.016601562,,,,,-0.0234375,
509,0.494025,46.0,-63.916668,2025-01-22 05:00:00,,-0.0146484375,,,,,-0.01953125,
510,0.494025,46.0,-63.916668,2025-01-22 06:00:00,,-0.0107421875,,,,,-0.016601562,
511,0.494025,46.0,-63.916668,2025-01-22 07:00:00,,0.001953125,,,,,0.001953125,
512,0.494025,46.0,-63.916668,2025-01-22 08:00:00,,0.0126953125,,,,,0.028320312,
513,0.494025,46.0,-63.916668,2025-01-22 09:00:00,,0.0126953125,,,,,0.034179688,
514,0.494025,46.0,-63.916668,2025-01-22 10:00:00,,0.005859375,,,,,0.01953125,
515,0.494025,46.0,-63.916668,2025-01-22 11:00:00,,0.005859375,,,,,0.0126953125,
516,0.494025,46.0,-63.916668,2025-01-22 12:00:00,,0.0107421875,,,,,0.018554688,
517,0.494025,46.0,-63.916668,2025-01-22 13:00:00,,0.00390625,,,,,0.0087890625,
518,0.494025,46.0,-63.916668,2025-01-22 14:00:00,,-0.013671875,,,,,-0.021484375,
519,0.494025,46.0,-63.916668,2025-01-22 15:00:00,,-0.026367188,,,,,-0.043945312,
520,0.494025,46.0,-63.916668,2025-01-22 16:00:00,,-0.026367188,,,,,-0.041015625,
521,0.494025,46.0,-63.916668,2025-01-22 17:00:00,,-0.021484375,,,,,-0.032226562,
522,0.494025,46.0,-63.916668,2025-01-22 18:00:00,,-0.015625,,,,,-0.03125,
523,0.494025,46.0,-63.916668,2025-01-22 19:00:00,,-0.001953125,,,,,-0.018554688,
524,0.494025,46.0,-63.916668,2025-01-22 20:00:00,,0.0146484375,,,,,0.0107421875,
525,0.494025,46.0,-63.916668,2025-01-22 21:00:00,,0.0234375,,,,,0.032226562,
526,0.494025,46.0,-63.916668,2025-01-22 22:00:00,,0.020507812,,,,,0.029296875,
527,0.494025,46.0,-63.916668,2025-01-22 23:00:00,,0.018554688,,,,,0.022460938,
528,0.494025,46.0,-63.916668,2025-01-23 00:00:00,,0.025390625,,,,,0.030273438,
529,0.494025,46.0,-63.916668,2025-01-23 01:00:00,,0.025390625,,,,,0.03515625,
530,0.494025,46.0,-63.916668,2025-01-23 02:00:00,,0.0107421875,,,,,0.0126953125,
531,0.494025,46.0,-63.916668,2025-01-23 03:00:00,,-0.0068359375,,,,,-0.018554688,
532,0.494025,46.0,-63.916668,2025-01-23 04:00:00,,-0.0146484375,,,,,-0.028320312,
533,0.494025,46.0,-63.916668,2025-01-23 05:00:00,,-0.015625,,,,,-0.022460938,
534,0.494025,46.0,-63.916668,2025-01-23 06:00:00,,-0.016601562,,,,,-0.022460938,
535,0.494025,46.0,-63.916668,2025-01-23 07:00:00,,-0.0126953125,,,,,-0.020507812,
536,0.494025,46.0,-63.916668,2025-01-23 08:00:00,,-0.0,,,,,-0.0,
537,0.494025,46.0,-63.916668,2025-01-23 09:00:00,,0.0087890625,,,,,0.0234375,
538,0.494025,46.0,-63.916668,2025-01-23 10:00:00,,0.005859375,,,,,0.0234375,
539,0.494025,46.0,-63.916668,2025-01-23 11:00:00,,-0.0009765625,,,,,0.0087890625,
540,0.494025,46.0,-63.916668,2025-01-23 12:00:00,,0.0,,,,,0.005859375,
541,0.494025,46.0,-63.916668,2025-01-23 13:00:00,,0.005859375,,,,,0.0146484375,
542,0.494025,46.0,-63.916668,2025-01-23 14:00:00,,-0.0009765625,,,,,0.0068359375,
543,0.494025,46.0,-63.916668,2025-01-23 15:00:00,,-0.016601562,,,,,-0.021484375,
544,0.494025,46.0,-63.916668,2025-01-23 16:00:00,,-0.025390625,,,,,-0.038085938,
545,0.494025,46.0,-63.916668,2025-01-23 17:00:00,,-0.024414062,,,,,-0.032226562,
546,0.494025,46.0,-63.916668,2025-01-23 18:00:00,,-0.020507812,,,,,-0.026367188,
547,0.494025,46.0,-63.916668,2025-01-23 19:00:00,,-0.0126953125,,,,,-0.025390625,
548,0.494025,46.0,-63.916668,2025-01-23 20:00:00,,0.0029296875,,,,,-0.0107421875,
549,0.494025,46.0,-63.916668,2025-01-23 21:00:00,,0.021484375,,,,,0.018554688,
550,0.494025,46.0,-63.916668,2025-01-23 22:00:00,,0.02734375,,,,,0.03515625,
551,0.494025,46.0,-63.916668,2025-01-23 23:00:00,,0.0234375,,,,,0.028320312,
552,0.494025,46.0,-63.916668,2025-01-24 00:00:00,,0.022460938,,,,,0.0234375,
553,0.494025,46.0,-63.916668,2025-01-24 01:00:00,,0.029296875,,,,,0.034179688,
554,0.494025,46.0,-63.916668,2025-01-24 02:00:00,,0.028320312,,,,,0.037109375,
555,0.494025,46.0,-63.916668,2025-01-24 03:00:00,,0.0126953125,,,,,0.01171875,
556,0.494025,46.0,-63.916668,2025-01-24 04:00:00,,-0.0048828125,,,,,-0.018554688,
557,0.494025,46.0,-63.916668,2025-01-24 05:00:00,,-0.013671875,,,,,-0.02734375,
558,0.494025,46.0,-63.916668,2025-01-24 06:00:00,,-0.017578125,,,,,-0.025390625,
559,0.494025,46.0,-63.916668,2025-01-24 07:00:00,,-0.01953125,,,,,-0.029296875,
560,0.494025,46.0,-63.916668,2025-01-24 08:00:00,,-0.0146484375,,,,,-0.026367188,
561,0.494025,46.0,-63.916668,2025-01-24 09:00:00,,-0.001953125,,,,,-0.0048828125,
562,0.494025,46.0,-63.916668,2025-01-24 10:00:00,,0.0048828125,,,,,0.016601562,
563,0.494025,46.0,-63.916668,2025-01-24 11:00:00,,-0.0009765625,,,,,0.013671875,
564,0.494025,46.0,-63.916668,2025-01-24 12:00:00,,-0.0078125,,,,,0.0009765625,
565,0.494025,46.0,-63.916668,2025-01-24 13:00:00,,-0.0029296875,,,,,0.0048828125,
566,0.494025,46.0,-63.916668,2025-01-24 14:00:00,,0.0029296875,,,,,0.016601562,
567,0.494025,46.0,-63.916668,2025-01-24 15:00:00,,-0.00390625,,,,,0.0068359375,
568,0.494025,46.0,-63.916668,2025-01-24 16:00:00,,-0.017578125,,,,,-0.01953125,
569,0.494025,46.0,-63.916668,2025-01-24 17:00:00,,-0.025390625,,,,,-0.032226562,
570,0.494025,46.0,-63.916668,2025-01-24 18:00:00,,-0.0234375,,,,,-0.026367188,
571,0.494025,46.0,-63.916668,2025-01-24 19:00:00,,-0.01953125,,,,,-0.0234375,
572,0.494025,46.0,-63.916668,2025-01-24 20:00:00,,-0.009765625,,,,,-0.0234375,
573,0.494025,46.0,-63.916668,2025-01-24 21:00:00,,0.0078125,,,,,-0.0048828125,
574,0.494025,46.0,-63.916668,2025-01-24 22:00:00,,0.025390625,,,,,0.024414062,
575,0.494025,46.0,-63.916668,2025-01-24 23:00:00,,0.030273438,,,,,0.037109375,
576,0.494025,46.0,-63.916668,2025-01-25 00:00:00,,0.024414062,,,,,0.029296875,
577,0.494025,46.0,-63.916668,2025-01-25 01:00:00,,0.025390625,,,,,0.02734375,
578,0.494025,46.0,-63.916668,2025-01-25 02:00:00,,0.034179688,,,,,0.040039062,
579,0.494025,46.0,-63.916668,2025-01-25 03:00:00,,0.032226562,,,,,0.0390625,
580,0.494025,46.0,-63.916668,2025-01-25 04:00:00,,0.0146484375,,,,,0.0107421875,
581,0.494025,46.0,-63.916668,2025-01-25 05:00:00,,-0.0029296875,,,,,-0.01953125,
582,0.494025,46.0,-63.916668,2025-01-25 06:00:00,,-0.013671875,,,,,-0.028320312,
583,0.494025,46.0,-63.916668,2025-01-25 07:00:00,,-0.01953125,,,,,-0.03125,
584,0.494025,46.0,-63.916668,2025-01-25 08:00:00,,-0.0234375,,,,,-0.038085938,
585,0.494025,46.0,-63.916668,2025-01-25 09:00:00,,-0.016601562,,,,,-0.033203125,
586,0.494025,46.0,-63.916668,2025-01-25 10:00:00,,-0.0048828125,,,,,-0.0087890625,
587,0.494025,46.0,-63.916668,2025-01-25 11:00:00,,0.0,,,,,0.0107421875,
588,0.494025,46.0,-63.916668,2025-01-25 12:00:00,,-0.0068359375,,,,,0.0068359375,
589,0.494025,46.0,-63.916668,2025-01-25 13:00:00,,-0.01171875,,,,,-0.001953125,
590,0.494025,46.0,-63.916668,2025-01-25 14:00:00,,-0.0048828125,,,,,0.0078125,
591,0.494025,46.0,-63.916668,2025-01-25 15:00:00,,0.0029296875,,,,,0.020507812,
592,0.494025,46.0,-63.916668,2025-01-25 16:00:00,,-0.00390625,,,,,0.0078125,
593,0.494025,46.0,-63.916668,2025-01-25 17:00:00,,-0.018554688,,,,,-0.017578125,
594,0.494025,46.0,-63.916668,2025-01-25 18:00:00,,-0.024414062,,,,,-0.02734375,
595,0.494025,46.0,-63.916668,2025-01-25 19:00:00,,-0.0234375,,,,,-0.0234375,
596,0.494025,46.0,-63.916668,2025-01-25 20:00:00,,-0.018554688,,,,,-0.0234375,
597,0.494025,46.0,-63.916668,2025-01-25 21:00:00,,-0.0078125,,,,,-0.022460938,
598,0.494025,46.0,-63.916668,2025-01-25 22:00:00,,0.01171875,,,,,-0.0,
599,0.494025,46.0,-63.916668,2025-01-25 23:00:00,,0.028320312,,,,,0.030273438,
600,0.494025,46.0,-63.916668,2025-01-26 00:00:00,,0.030273438,,,,,0.041015625,
601,0.494025,46.0,-63.916668,2025-01-26 01:00:00,,0.025390625,,,,,0.033203125,
602,0.494025,46.0,-63.916668,2025-01-26 02:00:00,,0.029296875,,,,,0.03515625,
603,0.494025,46.0,-63.916668,2025-01-26 03:00:00,,0.0390625,,,,,0.047851562,
604,0.494025,46.0,-63.916668,2025-01-26 04:00:00,,0.03515625,,,,,0.041992188,
605,0.494025,46.0,-63.916668,2025-01-26 05:00:00,,0.015625,,,,,0.0078125,
606,0.494025,46.0,-63.916668,2025-01-26 06:00:00,,-0.00390625,,,,,-0.022460938,
607,0.494025,46.0,-63.916668,2025-01-26 07:00:00,,-0.015625,,,,,-0.033203125,
608,0.494025,46.0,-63.916668,2025-01-26 08:00:00,,-0.0234375,,,,,-0.040039062,
609,0.494025,46.0,-63.916668,2025-01-26 09:00:00,,-0.026367188,,,,,-0.048828125,
610,0.494025,46.0,-63.916668,2025-01-26 10:00:00,,-0.018554688,,,,,-0.040039062,
611,0.494025,46.0,-63.916668,2025-01-26 11:00:00,,-0.0068359375,,,,,-0.01171875,
612,0.494025,46.0,-63.916668,2025-01-26 12:00:00,,-0.0048828125,,,,,0.0078125,
613,0.494025,46.0,-63.916668,2025-01-26 13:00:00,,-0.0126953125,,,,,0.00390625,
614,0.494025,46.0,-63.916668,2025-01-26 14:00:00,,-0.013671875,,,,,-0.0,
615,0.494025,46.0,-63.916668,2025-01-26 15:00:00,,-0.0029296875,,,,,0.013671875,
616,0.494025,46.0,-63.916668,2025-01-26 16:00:00,,0.00390625,,,,,0.024414062,
617,0.494025,46.0,-63.916668,2025-01-26 17:00:00,,-0.0048828125,,,,,0.0087890625,
618,0.494025,46.0,-63.916668,2025-01-26 18:00:00,,-0.01953125,,,,,-0.018554688,
619,0.494025,46.0,-63.916668,2025-01-26 19:00:00,,-0.025390625,,,,,-0.02734375,
620,0.494025,46.0,-63.916668,2025-01-26 20:00:00,,-0.024414062,,,,,-0.025390625,
621,0.494025,46.0,-63.916668,2025-01-26 21:00:00,,-0.018554688,,,,,-0.02734375,
622,0.494025,46.0,-63.916668,2025-01-26 22:00:00,,-0.0048828125,,,,,-0.021484375,
623,0.494025,46.0,-63.916668,2025-01-26 23:00:00,,0.015625,,,,,0.005859375,
624,0.494025,46.0,-63.916668,2025-01-27 00:00:00,,0.030273438,,,,,0.038085938,
625,0.494025,46.0,-63.916668,2025-01-27 01:00:00,,0.030273438,,,,,0.046875,
626,0.494025,46.0,-63.916668,2025-01-27 02:00:00,,0.02734375,,,,,0.040039062,
627,0.494025,46.0,-63.916668,2025-01-27 03:00:00,,0.03515625,,,,,0.045898438,
628,0.494025,46.0,-63.916668,2025-01-27 04:00:00,,0.044921875,,,,,0.056640625,
629,0.494025,46.0,-63.916668,2025-01-27 05:00:00,,0.037109375,,,,,0.04296875,
630,0.494025,46.0,-63.916668,2025-01-27 06:00:00,,0.0146484375,,,,,0.0029296875,
631,0.494025,46.0,-63.916668,2025-01-27 07:00:00,,-0.0068359375,,,,,-0.029296875,
632,0.494025,46.0,-63.916668,2025-01-27 08:00:00,,-0.018554688,,,,,-0.041992188,
633,0.494025,46.0,-63.916668,2025-01-27 09:00:00,,-0.02734375,,,,,-0.051757812,
634,0.494025,46.0,-63.916668,2025-01-27 10:00:00,,-0.028320312,,,,,-0.05859375,
635,0.494025,46.0,-63.916668,2025-01-27 11:00:00,,-0.018554688,,,,,-0.043945312,
636,0.494025,46.0,-63.916668,2025-01-27 12:00:00,,-0.0078125,,,,,-0.0107421875,
637,0.494025,46.0,-63.916668,2025-01-27 13:00:00,,-0.0078125,,,,,0.0078125,
638,0.494025,46.0,-63.916668,2025-01-27 14:00:00,,-0.015625,,,,,0.0048828125,
639,0.494025,46.0,-63.916668,2025-01-27 15:00:00,,-0.0126953125,,,,,0.0048828125,
640,0.494025,46.0,-63.916668,2025-01-27 16:00:00,,0.0,,,,,0.022460938,
641,0.494025,46.0,-63.916668,2025-01-27 17:00:00,,0.005859375,,,,,0.029296875,
642,0.494025,46.0,-63.916668,2025-01-27 18:00:00,,-0.0068359375,,,,,0.0068359375,
643,0.494025,46.0,-63.916668,2025-01-27 19:00:00,,-0.022460938,,,,,-0.022460938,
644,0.494025,46.0,-63.916668,2025-01-27 20:00:00,,-0.028320312,,,,,-0.03125,
645,0.494025,46.0,-63.916668,2025-01-27 21:00:00,,-0.026367188,,,,,-0.030273438,
646,0.494025,46.0,-63.916668,2025-01-27 22:00:00,,-0.018554688,,,,,-0.03125,
647,0.494025,46.0,-63.916668,2025-01-27 23:00:00,,-0.001953125,,,,,-0.01953125,
648,0.494025,46.0,-63.916668,2025-01-28 00:00:00,,0.01953125,,,,,0.0146484375,
649,0.494025,46.0,-63.916668,2025-01-28 01:00:00,,0.032226562,,,,,0.047851562,
650,0.494025,46.0,-63.916668,2025-01-28 02:00:00,,0.03125,,,,,0.0546875,
651,0.494025,46.0,-63.916668,2025-01-28 03:00:00,,0.030273438,,,,,0.05078125,
652,0.494025,46.0,-63.916668,2025-01-28 04:00:00,,0.041015625,,,,,0.057617188,
653,0.494025,46.0,-63.916668,2025-01-28 05:00:00,,0.048828125,,,,,0.06542969,
654,0.494025,46.0,-63.916668,2025-01-28 06:00:00,,0.037109375,,,,,0.041015625,
655,0.494025,46.0,-63.916668,2025-01-28 07:00:00,,0.0107421875,,,,,-0.005859375,
656,0.494025,46.0,-63.916668,2025-01-28 08:00:00,,-0.0107421875,,,,,-0.041015625,
657,0.494025,46.0,-63.916668,2025-01-28 09:00:00,,-0.0234375,,,,,-0.0546875,
658,0.494025,46.0,-63.916668,2025-01-28 10:00:00,,-0.030273438,,,,,-0.06542969,
659,0.494025,46.0,-63.916668,2025-01-28 11:00:00,,-0.029296875,,,,,-0.06640625,
660,0.494025,46.0,-63.916668,2025-01-28 12:00:00,,-0.018554688,,,,,-0.043945312,
661,0.494025,46.0,-63.916668,2025-01-28 13:00:00,,-0.0087890625,,,,,-0.0068359375,
662,0.494025,46.0,-63.916668,2025-01-28 14:00:00,,-0.009765625,,,,,0.0107421875,
663,0.494025,46.0,-63.916668,2025-01-28 15:00:00,,-0.015625,,,,,0.0087890625,
664,0.494025,46.0,-63.916668,2025-01-28 16:00:00,,-0.009765625,,,,,0.013671875,
665,0.494025,46.0,-63.916668,2025-01-28 17:00:00,,0.0048828125,,,,,0.03125,
666,0.494025,46.0,-63.916668,2025-01-28 18:00:00,,0.0068359375,,,,,0.03125,
667,0.494025,46.0,-63.916668,2025-01-28 19:00:00,,-0.009765625,,,,,0.0009765625,
668,0.494025,46.0,-63.916668,2025-01-28 20:00:00,,-0.026367188,,,,,-0.03125,
669,0.494025,46.0,-63.916668,2025-01-28 21:00:00,,-0.03125,,,,,-0.0390625,
670,0.494025,46.0,-63.916668,2025-01-28 22:00:00,,-0.02734375,,,,,-0.037109375,
671,0.494025,46.0,-63.916668,2025-01-28 23:00:00,,-0.017578125,,,,,-0.034179688,
672,0.494025,46.0,-63.916668,2025-01-29 00:00:00,,0.0009765625,,,,,-0.0146484375,
673,0.494025,46.0,-63.916668,2025-01-29 01:00:00,,0.022460938,,,,,0.025390625,
674,0.494025,46.0,-63.916668,2025-01-29 02:00:00,,0.033203125,,,,,0.05859375,
675,0.494025,46.0,-63.916668,2025-01-29 03:00:00,,0.032226562,,,,,0.064453125,
676,0.494025,46.0,-63.916668,2025-01-29 04:00:00,,0.034179688,,,,,0.061523438,
677,0.494025,46.0,-63.916668,2025-01-29 05:00:00,,0.045898438,,,,,0.0703125,
678,0.494025,46.0,-63.916668,2025-01-29 06:00:00,,0.05078125,,,,,0.0703125,
679,0.494025,46.0,-63.916668,2025-01-29 07:00:00,,0.033203125,,,,,0.034179688,
680,0.494025,46.0,-63.916668,2025-01-29 08:00:00,,0.0048828125,,,,,-0.020507812,
681,0.494025,46.0,-63.916668,2025-01-29 09:00:00,,-0.016601562,,,,,-0.055664062,
682,0.494025,46.0,-63.916668,2025-01-29 10:00:00,,-0.028320312,,,,,-0.068359375,
683,0.494025,46.0,-63.916668,2025-01-29 11:00:00,,-0.033203125,,,,,-0.07519531,
684,0.494025,46.0,-63.916668,2025-01-29 12:00:00,,-0.029296875,,,,,-0.0703125,
685,0.494025,46.0,-63.916668,2025-01-29 13:00:00,,-0.016601562,,,,,-0.0390625,
686,0.494025,46.0,-63.916668,2025-01-29 14:00:00,,-0.0078125,,,,,-0.0009765625,
687,0.494025,46.0,-63.916668,2025-01-29 15:00:00,,-0.009765625,,,,,0.016601562,
688,0.494025,46.0,-63.916668,2025-01-29 16:00:00,,-0.013671875,,,,,0.016601562,
689,0.494025,46.0,-63.916668,2025-01-29 17:00:00,,-0.00390625,,,,,0.026367188,
690,0.494025,46.0,-63.916668,2025-01-29 18:00:00,,0.009765625,,,,,0.041015625,
691,0.494025,46.0,-63.916668,2025-01-29 19:00:00,,0.005859375,,,,,0.030273438,
692,0.494025,46.0,-63.916668,2025-01-29 20:00:00,,-0.013671875,,,,,-0.009765625,
693,0.494025,46.0,-63.916668,2025-01-29 21:00:00,,-0.030273438,,,,,-0.041992188,
694,0.494025,46.0,-63.916668,2025-01-29 22:00:00,,-0.034179688,,,,,-0.047851562,
695,0.494025,46.0,-63.916668,2025-01-29 23:00:00,,-0.028320312,,,,,-0.04296875,
696,0.494025,46.0,-63.916668,2025-01-30 00:00:00,,-0.016601562,,,,,-0.03515625,
697,0.494025,46.0,-63.916668,2025-01-30 01:00:00,,0.00390625,,,,,-0.0078125,
698,0.494025,46.0,-63.916668,2025-01-30 02:00:00,,0.025390625,,,,,0.036132812,
699,0.494025,46.0,-63.916668,2025-01-30 03:00:00,,0.034179688,,,,,0.06738281,
700,0.494025,46.0,-63.916668,2025-01-30 04:00:00,,0.033203125,,,,,0.07324219,
701,0.494025,46.0,-63.916668,2025-01-30 05:00:00,,0.038085938,,,,,0.07324219,
702,0.494025,46.0,-63.916668,2025-01-30 06:00:00,,0.049804688,,,,,0.080078125,
703,0.494025,46.0,-63.916668,2025-01-30 07:00:00,,0.049804688,,,,,0.06933594,
704,0.494025,46.0,-63.916668,2025-01-30 08:00:00,,0.02734375,,,,,0.020507812,
705,0.494025,46.0,-63.916668,2025-01-30 09:00:00,,-0.00390625,,,,,-0.038085938,
706,0.494025,46.0,-63.916668,2025-01-30 10:00:00,,-0.0234375,,,,,-0.07128906,
707,0.494025,46.0,-63.916668,2025-01-30 11:00:00,,-0.033203125,,,,,-0.080078125,
708,0.494025,46.0,-63.916668,2025-01-30 12:00:00,,-0.03515625,,,,,-0.08203125,
709,0.494025,46.0,-63.916668,2025-01-30 13:00:00,,-0.02734375,,,,,-0.06933594,
710,0.494025,46.0,-63.916668,2025-01-30 14:00:00,,-0.013671875,,,,,-0.032226562,
711,0.494025,46.0,-63.916668,2025-01-30 15:00:00,,-0.0048828125,,,,,0.0078125,
712,0.494025,46.0,-63.916668,2025-01-30 16:00:00,,-0.0078125,,,,,0.025390625,
713,0.494025,46.0,-63.916668,2025-01-30 17:00:00,,-0.0087890625,,,,,0.028320312,
714,0.494025,46.0,-63.916668,2025-01-30 18:00:00,,0.0029296875,,,,,0.040039062,
715,0.494025,46.0,-63.916668,2025-01-30 19:00:00,,0.013671875,,,,,0.048828125,
716,0.494025,46.0,-63.916668,2025-01-30 20:00:00,,0.0048828125,,,,,0.024414062,
717,0.494025,46.0,-63.916668,2025-01-30 21:00:00,,-0.018554688,,,,,-0.022460938,
718,0.494025,46.0,-63.916668,2025-01-30 22:00:00,,-0.034179688,,,,,-0.053710938,
719,0.494025,46.0,-63.916668,2025-01-30 23:00:00,,-0.036132812,,,,,-0.0546875,
720,0.494025,46.0,-63.916668,2025-01-31 00:00:00,,-0.028320312,,,,,-0.046875,
721,0.494025,46.0,-63.916668,2025-01-31 01:00:00,,-0.013671875,,,,,-0.033203125,
722,0.494025,46.0,-63.916668,2025-01-31 02:00:00,,0.0078125,,,,,-0.0009765625,
723,0.494025,46.0,-63.916668,2025-01-31 03:00:00,,0.02734375,,,,,0.044921875,
724,0.494025,46.0,-63.916668,2025-01-31 04:00:00,,0.034179688,,,,,0.07519531,
725,0.494025,46.0,-63.916668,2025-01-31 05:00:00,,0.034179688,,,,,0.080078125,
726,0.494025,46.0,-63.916668,2025-01-31 06:00:00,,0.040039062,,,,,0.08203125,
727,0.494025,46.0,-63.916668,2025-01-31 07:00:00,,0.051757812,,,,,0.08496094,
728,0.494025,46.0,-63.916668,2025-01-31 08:00:00,,0.045898438,,,,,0.061523438,
729,0.494025,46.0,-63.916668,2025-01-31 09:00:00,,0.017578125,,,,,0.001953125,
730,0.494025,46.0,-63.916668,2025-01-31 10:00:00,,-0.0126953125,,,,,-0.057617188,
731,0.494025,46.0,-63.916668,2025-01-31 11:00:00,,-0.030273438,,,,,-0.08300781,
732,0.494025,46.0,-63.916668,2025-01-31 12:00:00,,-0.036132812,,,,,-0.0859375,
733,0.494025,46.0,-63.916668,2025-01-31 13:00:00,,-0.03515625,,,,,-0.08300781,
734,0.494025,46.0,-63.916668,2025-01-31 14:00:00,,-0.024414062,,,,,-0.06347656,
735,0.494025,46.0,-63.916668,2025-01-31 15:00:00,,-0.009765625,,,,,-0.022460938,
736,0.494025,46.0,-63.916668,2025-01-31 16:00:00,,-0.001953125,,,,,0.018554688,
737,0.494025,46.0,-63.916668,2025-01-31 17:00:00,,-0.00390625,,,,,0.036132812,
738,0.494025,46.0,-63.916668,2025-01-31 18:00:00,,-0.0009765625,,,,,0.041015625,
739,0.494025,46.0,-63.916668,2025-01-31 19:00:00,,0.0107421875,,,,,0.051757812,
740,0.494025,46.0,-63.916668,2025-01-31 20:00:00,,0.017578125,,,,,0.051757812,
741,0.494025,46.0,-63.916668,2025-01-31 21:00:00,,0.0029296875,,,,,0.015625,
742,0.494025,46.0,-63.916668,2025-01-31 22:00:00,,-0.022460938,,,,,-0.036132812,
743,0.494025,46.0,-63.916668,2025-01-31 23:00:00,,-0.036132812,,,,,-0.0625,
744,0.494025,46.0,-63.916668,2025-02-01 00:00:00,,-0.036132812,,,,,-0.057617188,
745,0.494025,46.0,-63.916668,2025-02-01 01:00:00,,-0.02734375,,,,,-0.046875,
746,0.494025,46.0,-63.916668,2025-02-01 02:00:00,,-0.01171875,,,,,-0.03125,
747,0.494025,46.0,-63.916668,2025-02-01 03:00:00,,0.0107421875,,,,,0.0048828125,
748,0.494025,46.0,-63.916668,2025-02-01 04:00:00,,0.028320312,,,,,0.05078125,
749,0.494025,46.0,-63.916668,2025-02-01 05:00:00,,0.033203125,,,,,0.078125,
750,0.494025,46.0,-63.916668,2025-02-01 06:00:00,,0.033203125,,,,,0.083984375,
751,0.494025,46.0,-63.916668,2025-02-01 07:00:00,,0.041015625,,,,,0.0859375,
752,0.494025,46.0,-63.916668,2025-02-01 08:00:00,,0.048828125,,,,,0.08203125,
753,0.494025,46.0,-63.916668,2025-02-01 09:00:00,,0.037109375,,,,,0.046875,
754,0.494025,46.0,-63.916668,2025-02-01 10:00:00,,0.0068359375,,,,,-0.01953125,
755,0.494025,46.0,-63.916668,2025-02-01 11:00:00,,-0.021484375,,,,,-0.07324219,
756,0.494025,46.0,-63.916668,2025-02-01 12:00:00,,-0.03515625,,,,,-0.08886719,
757,0.494025,46.0,-63.916668,2025-02-01 13:00:00,,-0.037109375,,,,,-0.0859375,
758,0.494025,46.0,-63.916668,2025-02-01 14:00:00,,-0.032226562,,,,,-0.07910156,
759,0.494025,46.0,-63.916668,2025-02-01 15:00:00,,-0.01953125,,,,,-0.055664062,
760,0.494025,46.0,-63.916668,2025-02-01 16:00:00,,-0.00390625,,,,,-0.009765625,
761,0.494025,46.0,-63.916668,2025-02-01 17:00:00,,0.00390625,,,,,0.03125,
762,0.494025,46.0,-63.916668,2025-02-01 18:00:00,,0.001953125,,,,,0.047851562,
763,0.494025,46.0,-63.916668,2025-02-01 19:00:00,,0.0068359375,,,,,0.053710938,
764,0.494025,46.0,-63.916668,2025-02-01 20:00:00,,0.018554688,,,,,0.060546875,
765,0.494025,46.0,-63.916668,2025-02-01 21:00:00,,0.020507812,,,,,0.049804688,
766,0.494025,46.0,-63.916668,2025-02-01 22:00:00,,0.0009765625,,,,,0.00390625,
767,0.494025,46.0,-63.916668,2025-02-01 23:00:00,,-0.025390625,,,,,-0.046875,
768,0.494025,46.0,-63.916668,2025-02-02 00:00:00,,-0.037109375,,,,,-0.06542969,
769,0.494025,46.0,-63.916668,2025-02-02 01:00:00,,-0.034179688,,,,,-0.056640625,
770,0.494025,46.0,-63.916668,2025-02-02 02:00:00,,-0.024414062,,,,,-0.046875,
771,0.494025,46.0,-63.916668,2025-02-02 03:00:00,,-0.0087890625,,,,,-0.030273438,
772,0.494025,46.0,-63.916668,2025-02-02 04:00:00,,0.01171875,,,,,0.0078125,
773,0.494025,46.0,-63.916668,2025-02-02 05:00:00,,0.02734375,,,,,0.052734375,
774,0.494025,46.0,-63.916668,2025-02-02 06:00:00,,0.030273438,,,,,0.078125,
775,0.494025,46.0,-63.916668,2025-02-02 07:00:00,,0.030273438,,,,,0.08203125,
776,0.494025,46.0,-63.916668,2025-02-02 08:00:00,,0.038085938,,,,,0.08203125,
777,0.494025,46.0,-63.916668,2025-02-02 09:00:00,,0.04296875,,,,,0.072265625,
778,0.494025,46.0,-63.916668,2025-02-02 10:00:00,,0.026367188,,,,,0.028320312,
779,0.494025,46.0,-63.916668,2025-02-02 11:00:00,,-0.0048828125,,,,,-0.037109375,
780,0.494025,46.0,-63.916668,2025-02-02 12:00:00,,-0.028320312,,,,,-0.08105469,
781,0.494025,46.0,-63.916668,2025-02-02 13:00:00,,-0.037109375,,,,,-0.08691406,
782,0.494025,46.0,-63.916668,2025-02-02 14:00:00,,-0.03515625,,,,,-0.08105469,
783,0.494025,46.0,-63.916668,2025-02-02 15:00:00,,-0.028320312,,,,,-0.072265625,
784,0.494025,46.0,-63.916668,2025-02-02 16:00:00,,-0.013671875,,,,,-0.043945312,
785,0.494025,46.0,-63.916668,2025-02-02 17:00:00,,0.0029296875,,,,,0.00390625,
786,0.494025,46.0,-63.916668,2025-02-02 18:00:00,,0.009765625,,,,,0.04296875,
787,0.494025,46.0,-63.916668,2025-02-02 19:00:00,,0.0087890625,,,,,0.057617188,
788,0.494025,46.0,-63.916668,2025-02-02 20:00:00,,0.0146484375,,,,,0.061523438,
789,0.494025,46.0,-63.916668,2025-02-02 21:00:00,,0.025390625,,,,,0.064453125,
790,0.494025,46.0,-63.916668,2025-02-02 22:00:00,,0.021484375,,,,,0.043945312,
791,0.494025,46.0,-63.916668,2025-02-02 23:00:00,,-0.001953125,,,,,-0.0068359375,
792,0.494025,46.0,-63.916668,2025-02-03 00:00:00,,-0.025390625,,,,,-0.052734375,
793,0.494025,46.0,-63.916668,2025-02-03 01:00:00,,-0.034179688,,,,,-0.06347656,
794,0.494025,46.0,-63.916668,2025-02-03 02:00:00,,-0.030273438,,,,,-0.053710938,
795,0.494025,46.0,-63.916668,2025-02-03 03:00:00,,-0.022460938,,,,,-0.045898438,
796,0.494025,46.0,-63.916668,2025-02-03 04:00:00,,-0.0078125,,,,,-0.030273438,
797,0.494025,46.0,-63.916668,2025-02-03 05:00:00,,0.0107421875,,,,,0.0078125,
798,0.494025,46.0,-63.916668,2025-02-03 06:00:00,,0.0234375,,,,,0.051757812,
799,0.494025,46.0,-63.916668,2025-02-03 07:00:00,,0.024414062,,,,,0.07324219,
800,0.494025,46.0,-63.916668,2025-02-03 08:00:00,,0.024414062,,,,,0.07421875,
801,0.494025,46.0,-63.916668,2025-02-03 09:00:00,,0.032226562,,,,,0.072265625,
802,0.494025,46.0,-63.916668,2025-02-03 10:00:00,,0.034179688,,,,,0.057617188,
803,0.494025,46.0,-63.916668,2025-02-03 11:00:00,,0.0146484375,,,,,0.0107421875,
804,0.494025,46.0,-63.916668,2025-02-03 12:00:00,,-0.0146484375,,,,,-0.048828125,
805,0.494025,46.0,-63.916668,2025-02-03 13:00:00,,-0.032226562,,,,,-0.080078125,
806,0.494025,46.0,-63.916668,2025-02-03 14:00:00,,-0.03515625,,,,,-0.07910156,
807,0.494025,46.0,-63.916668,2025-02-03 15:00:00,,-0.03125,,,,,-0.07128906,
808,0.494025,46.0,-63.916668,2025-02-03 16:00:00,,-0.022460938,,,,,-0.061523438,
809,0.494025,46.0,-63.916668,2025-02-03 17:00:00,,-0.0068359375,,,,,-0.030273438,
810,0.494025,46.0,-63.916668,2025-02-03 18:00:00,,0.009765625,,,,,0.017578125,
811,0.494025,46.0,-63.916668,2025-02-03 19:00:00,,0.015625,,,,,0.052734375,
812,0.494025,46.0,-63.916668,2025-02-03 20:00:00,,0.015625,,,,,0.0625,
813,0.494025,46.0,-63.916668,2025-02-03 21:00:00,,0.022460938,,,,,0.064453125,
814,0.494025,46.0,-63.916668,2025-02-03 22:00:00,,0.030273438,,,,,0.0625,
815,0.494025,46.0,-63.916668,2025-02-03 23:00:00,,0.022460938,,,,,0.037109375,
816,0.494025,46.0,-63.916668,2025-02-04 00:00:00,,-0.0029296875,,,,,-0.013671875,
817,0.494025,46.0,-63.916668,2025-02-04 01:00:00,,-0.0234375,,,,,-0.052734375,
818,0.494025,46.0,-63.916668,2025-02-04 02:00:00,,-0.029296875,,,,,-0.057617188,
819,0.494025,46.0,-63.916668,2025-02-04 03:00:00,,-0.026367188,,,,,-0.049804688,
820,0.494025,46.0,-63.916668,2025-02-04 04:00:00,,-0.020507812,,,,,-0.045898438,
821,0.494025,46.0,-63.916668,2025-02-04 05:00:00,,-0.0078125,,,,,-0.03125,
822,0.494025,46.0,-63.916668,2025-02-04 06:00:00,,0.0087890625,,,,,0.0068359375,
823,0.494025,46.0,-63.916668,2025-02-04 07:00:00,,0.017578125,,,,,0.046875,
824,0.494025,46.0,-63.916668,2025-02-04 08:00:00,,0.016601562,,,,,0.061523438,
825,0.494025,46.0,-63.916668,2025-02-04 09:00:00,,0.017578125,,,,,0.060546875,
826,0.494025,46.0,-63.916668,2025-02-04 10:00:00,,0.024414062,,,,,0.059570312,
827,0.494025,46.0,-63.916668,2025-02-04 11:00:00,,0.0234375,,,,,0.043945312,
828,0.494025,46.0,-63.916668,2025-02-04 12:00:00,,0.00390625,,,,,-0.001953125,
829,0.494025,46.0,-63.916668,2025-02-04 13:00:00,,-0.020507812,,,,,-0.052734375,
830,0.494025,46.0,-63.916668,2025-02-04 14:00:00,,-0.032226562,,,,,-0.07324219,
831,0.494025,46.0,-63.916668,2025-02-04 15:00:00,,-0.03125,,,,,-0.06640625,
832,0.494025,46.0,-63.916668,2025-02-04 16:00:00,,-0.026367188,,,,,-0.060546875,
833,0.494025,46.0,-63.916668,2025-02-04 17:00:00,,-0.016601562,,,,,-0.05078125,
834,0.494025,46.0,-63.916668,2025-02-04 18:00:00,,0.0,,,,,-0.017578125,
835,0.494025,46.0,-63.916668,2025-02-04 19:00:00,,0.015625,,,,,0.029296875,
836,0.494025,46.0,-63.916668,2025-02-04 20:00:00,,0.020507812,,,,,0.057617188,
837,0.494025,46.0,-63.916668,2025-02-04 21:00:00,,0.020507812,,,,,0.061523438,
838,0.494025,46.0,-63.916668,2025-02-04 22:00:00,,0.02734375,,,,,0.061523438,
839,0.494025,46.0,-63.916668,2025-02-04 23:00:00,,0.033203125,,,,,0.05859375,
840,0.494025,46.0,-63.916668,2025-02-05 00:00:00,,0.022460938,,,,,0.03125,
841,0.494025,46.0,-63.916668,2025-02-05 01:00:00,,-0.001953125,,,,,-0.016601562,
842,0.494025,46.0,-63.916668,2025-02-05 02:00:00,,-0.01953125,,,,,-0.048828125,
843,0.494025,46.0,-63.916668,2025-02-05 03:00:00,,-0.024414062,,,,,-0.049804688,
844,0.494025,46.0,-63.916668,2025-02-05 04:00:00,,-0.0234375,,,,,-0.045898438,
845,0.494025,46.0,-63.916668,2025-02-05 05:00:00,,-0.01953125,,,,,-0.046875,
846,0.494025,46.0,-63.916668,2025-02-05 06:00:00,,-0.009765625,,,,,-0.032226562,
847,0.494025,46.0,-63.916668,2025-02-05 07:00:00,,0.0048828125,,,,,0.00390625,
848,0.494025,46.0,-63.916668,2025-02-05 08:00:00,,0.0107421875,,,,,0.037109375,
849,0.494025,46.0,-63.916668,2025-02-05 09:00:00,,0.0078125,,,,,0.045898438,
850,0.494025,46.0,-63.916668,2025-02-05 10:00:00,,0.0087890625,,,,,0.044921875,
851,0.494025,46.0,-63.916668,2025-02-05 11:00:00,,0.015625,,,,,0.045898438,
852,0.494025,46.0,-63.916668,2025-02-05 12:00:00,,0.0146484375,,,,,0.033203125,
853,0.494025,46.0,-63.916668,2025-02-05 13:00:00,,-0.00390625,,,,,-0.0078125,
854,0.494025,46.0,-63.916668,2025-02-05 14:00:00,,-0.0234375,,,,,-0.049804688,
855,0.494025,46.0,-63.916668,2025-02-05 15:00:00,,-0.029296875,,,,,-0.060546875,
856,0.494025,46.0,-63.916668,2025-02-05 16:00:00,,-0.026367188,,,,,-0.052734375,
857,0.494025,46.0,-63.916668,2025-02-05 17:00:00,,-0.022460938,,,,,-0.048828125,
858,0.494025,46.0,-63.916668,2025-02-05 18:00:00,,-0.01171875,,,,,-0.0390625,
859,0.494025,46.0,-63.916668,2025-02-05 19:00:00,,0.0068359375,,,,,-0.005859375,
860,0.494025,46.0,-63.916668,2025-02-05 20:00:00,,0.021484375,,,,,0.03515625,
861,0.494025,46.0,-63.916668,2025-02-05 21:00:00,,0.024414062,,,,,0.0546875,
862,0.494025,46.0,-63.916668,2025-02-05 22:00:00,,0.024414062,,,,,0.0546875,
863,0.494025,46.0,-63.916668,2025-02-05 23:00:00,,0.030273438,,,,,0.056640625,
864,0.494025,46.0,-63.916668,2025-02-06 00:00:00,,0.03515625,,,,,0.055664062,
865,0.494025,46.0,-63.916668,2025-02-06 01:00:00,,0.0234375,,,,,0.028320312,
866,0.494025,46.0,-63.916668,2025-02-06 02:00:00,,0.0009765625,,,,,-0.015625,
867,0.494025,46.0,-63.916668,2025-02-06 03:00:00,,-0.0146484375,,,,,-0.041015625,
868,0.494025,46.0,-63.916668,2025-02-06 04:00:00,,-0.018554688,,,,,-0.041992188,
869,0.494025,46.0,-63.916668,2025-02-06 05:00:00,,-0.021484375,,,,,-0.04296875,
870,0.494025,46.0,-63.916668,2025-02-06 06:00:00,,-0.020507812,,,,,-0.047851562,
871,0.494025,46.0,-63.916668,2025-02-06 07:00:00,,-0.01171875,,,,,-0.034179688,
872,0.494025,46.0,-63.916668,2025-02-06 08:00:00,,0.0009765625,,,,,-0.0009765625,
873,0.494025,46.0,-63.916668,2025-02-06 09:00:00,,0.00390625,,,,,0.0234375,
874,0.494025,46.0,-63.916668,2025-02-06 10:00:00,,-0.0009765625,,,,,0.028320312,
875,0.494025,46.0,-63.916668,2025-02-06 11:00:00,,-0.0,,,,,0.029296875,
876,0.494025,46.0,-63.916668,2025-02-06 12:00:00,,0.0078125,,,,,0.037109375,
877,0.494025,46.0,-63.916668,2025-02-06 13:00:00,,0.0068359375,,,,,0.028320312,
878,0.494025,46.0,-63.916668,2025-02-06 14:00:00,,-0.0078125,,,,,-0.0087890625,
879,0.494025,46.0,-63.916668,2025-02-06 15:00:00,,-0.022460938,,,,,-0.041015625,
880,0.494025,46.0,-63.916668,2025-02-06 16:00:00,,-0.025390625,,,,,-0.045898438,
881,0.494025,46.0,-63.916668,2025-02-06 17:00:00,,-0.022460938,,,,,-0.0390625,
882,0.494025,46.0,-63.916668,2025-02-06 18:00:00,,-0.018554688,,,,,-0.0390625,
883,0.494025,46.0,-63.916668,2025-02-06 19:00:00,,-0.0068359375,,,,,-0.030273438,
884,0.494025,46.0,-63.916668,2025-02-06 20:00:00,,0.01171875,,,,,0.0009765625,
885,0.494025,46.0,-63.916668,2025-02-06 21:00:00,,0.024414062,,,,,0.03515625,
886,0.494025,46.0,-63.916668,2025-02-06 22:00:00,,0.025390625,,,,,0.046875,
887,0.494025,46.0,-63.916668,2025-02-06 23:00:00,,0.025390625,,,,,0.046875,
888,0.494025,46.0,-63.916668,2025-02-07 00:00:00,,0.033203125,,,,,0.053710938,
889,0.494025,46.0,-63.916668,2025-02-07 01:00:00,,0.038085938,,,,,0.055664062,
890,0.494025,46.0,-63.916668,2025-02-07 02:00:00,,0.026367188,,,,,0.029296875,
891,0.494025,46.0,-63.916668,2025-02-07 03:00:00,,0.0048828125,,,,,-0.0107421875,
892,0.494025,46.0,-63.916668,2025-02-07 04:00:00,,-0.0087890625,,,,,-0.032226562,
893,0.494025,46.0,-63.916668,2025-02-07 05:00:00,,-0.015625,,,,,-0.034179688,
894,0.494025,46.0,-63.916668,2025-02-07 06:00:00,,-0.020507812,,,,,-0.041015625,
895,0.494025,46.0,-63.916668,2025-02-07 07:00:00,,-0.021484375,,,,,-0.049804688,
896,0.494025,46.0,-63.916668,2025-02-07 08:00:00,,-0.013671875,,,,,-0.038085938,
897,0.494025,46.0,-63.916668,2025-02-07 09:00:00,,-0.00390625,,,,,-0.009765625,
898,0.494025,46.0,-63.916668,2025-02-07 10:00:00,,-0.00390625,,,,,0.0087890625,
899,0.494025,46.0,-63.916668,2025-02-07 11:00:00,,-0.009765625,,,,,0.01171875,
900,0.494025,46.0,-63.916668,2025-02-07 12:00:00,,-0.0068359375,,,,,0.01953125,
901,0.494025,46.0,-63.916668,2025-02-07 13:00:00,,0.00390625,,,,,0.034179688,
902,0.494025,46.0,-63.916668,2025-02-07 14:00:00,,0.00390625,,,,,0.028320312,
903,0.494025,46.0,-63.916668,2025-02-07 15:00:00,,-0.0087890625,,,,,-0.0048828125,
904,0.494025,46.0,-63.916668,2025-02-07 16:00:00,,-0.020507812,,,,,-0.03125,
905,0.494025,46.0,-63.916668,2025-02-07 17:00:00,,-0.022460938,,,,,-0.033203125,
906,0.494025,46.0,-63.916668,2025-02-07 18:00:00,,-0.020507812,,,,,-0.029296875,
907,0.494025,46.0,-63.916668,2025-02-07 19:00:00,,-0.016601562,,,,,-0.033203125,
908,0.494025,46.0,-63.916668,2025-02-07 20:00:00,,-0.00390625,,,,,-0.025390625,
909,0.494025,46.0,-63.916668,2025-02-07 21:00:00,,0.0146484375,,,,,0.0029296875,
910,0.494025,46.0,-63.916668,2025-02-07 22:00:00,,0.025390625,,,,,0.030273438,
911,0.494025,46.0,-63.916668,2025-02-07 23:00:00,,0.024414062,,,,,0.038085938,
912,0.494025,46.0,-63.916668,2025-02-08 00:00:00,,0.025390625,,,,,0.041015625,
913,0.494025,46.0,-63.916668,2025-02-08 01:00:00,,0.036132812,,,,,0.053710938,
914,0.494025,46.0,-63.916668,2025-02-08 02:00:00,,0.041015625,,,,,0.05859375,
915,0.494025,46.0,-63.916668,2025-02-08 03:00:00,,0.029296875,,,,,0.033203125,
916,0.494025,46.0,-63.916668,2025-02-08 04:00:00,,0.0087890625,,,,,-0.0048828125,
917,0.494025,46.0,-63.916668,2025-02-08 05:00:00,,-0.0048828125,,,,,-0.0234375,
918,0.494025,46.0,-63.916668,2025-02-08 06:00:00,,-0.013671875,,,,,-0.028320312,
919,0.494025,46.0,-63.916668,2025-02-08 07:00:00,,-0.021484375,,,,,-0.041992188,
920,0.494025,46.0,-63.916668,2025-02-08 08:00:00,,-0.0234375,,,,,-0.053710938,
921,0.494025,46.0,-63.916668,2025-02-08 09:00:00,,-0.0146484375,,,,,-0.04296875,
922,0.494025,46.0,-63.916668,2025-02-08 10:00:00,,-0.0078125,,,,,-0.018554688,
923,0.494025,46.0,-63.916668,2025-02-08 11:00:00,,-0.0107421875,,,,,-0.00390625,
924,0.494025,46.0,-63.916668,2025-02-08 12:00:00,,-0.016601562,,,,,-0.0,
925,0.494025,46.0,-63.916668,2025-02-08 13:00:00,,-0.0107421875,,,,,0.015625,
926,0.494025,46.0,-63.916668,2025-02-08 14:00:00,,0.001953125,,,,,0.036132812,
927,0.494025,46.0,-63.916668,2025-02-08 15:00:00,,0.0029296875,,,,,0.03125,
928,0.494025,46.0,-63.916668,2025-02-08 16:00:00,,-0.0087890625,,,,,0.0009765625,
929,0.494025,46.0,-63.916668,2025-02-08 17:00:00,,-0.018554688,,,,,-0.022460938,
930,0.494025,46.0,-63.916668,2025-02-08 18:00:00,,-0.020507812,,,,,-0.0234375,
931,0.494025,46.0,-63.916668,2025-02-08 19:00:00,,-0.020507812,,,,,-0.024414062,
932,0.494025,46.0,-63.916668,2025-02-08 20:00:00,,-0.016601562,,,,,-0.032226562,
933,0.494025,46.0,-63.916668,2025-02-08 21:00:00,,-0.001953125,,,,,-0.025390625,
934,0.494025,46.0,-63.916668,2025-02-08 22:00:00,,0.016601562,,,,,0.001953125,
935,0.494025,46.0,-63.916668,2025-02-08 23:00:00,,0.024414062,,,,,0.025390625,
936,0.494025,46.0,-63.916668,2025-02-09 00:00:00,,0.022460938,,,,,0.03125,
937,0.494025,46.0,-63.916668,2025-02-09 01:00:00,,0.026367188,,,,,0.038085938,
938,0.494025,46.0,-63.916668,2025-02-09 02:00:00,,0.040039062,,,,,0.05859375,
939,0.494025,46.0,-63.916668,2025-02-09 03:00:00,,0.044921875,,,,,0.064453125,
940,0.494025,46.0,-63.916668,2025-02-09 04:00:00,,0.032226562,,,,,0.037109375,
941,0.494025,46.0,-63.916668,2025-02-09 05:00:00,,0.01171875,,,,,0.0009765625,
942,0.494025,46.0,-63.916668,2025-02-09 06:00:00,,-0.0029296875,,,,,-0.017578125,
943,0.494025,46.0,-63.916668,2025-02-09 07:00:00,,-0.0146484375,,,,,-0.02734375,
944,0.494025,46.0,-63.916668,2025-02-09 08:00:00,,-0.0234375,,,,,-0.046875,
945,0.494025,46.0,-63.916668,2025-02-09 09:00:00,,-0.024414062,,,,,-0.059570312,
946,0.494025,46.0,-63.916668,2025-02-09 10:00:00,,-0.016601562,,,,,-0.048828125,
947,0.494025,46.0,-63.916668,2025-02-09 11:00:00,,-0.01171875,,,,,-0.025390625,
948,0.494025,46.0,-63.916668,2025-02-09 12:00:00,,-0.017578125,,,,,-0.013671875,
949,0.494025,46.0,-63.916668,2025-02-09 13:00:00,,-0.021484375,,,,,-0.005859375,
950,0.494025,46.0,-63.916668,2025-02-09 14:00:00,,-0.0107421875,,,,,0.016601562,
951,0.494025,46.0,-63.916668,2025-02-09 15:00:00,,0.00390625,,,,,0.041992188,
952,0.494025,46.0,-63.916668,2025-02-09 16:00:00,,0.00390625,,,,,0.036132812,
953,0.494025,46.0,-63.916668,2025-02-09 17:00:00,,-0.0078125,,,,,0.005859375,
954,0.494025,46.0,-63.916668,2025-02-09 18:00:00,,-0.017578125,,,,,-0.015625,
955,0.494025,46.0,-63.916668,2025-02-09 19:00:00,,-0.021484375,,,,,-0.01953125,
956,0.494025,46.0,-63.916668,2025-02-09 20:00:00,,-0.021484375,,,,,-0.025390625,
957,0.494025,46.0,-63.916668,2025-02-09 21:00:00,,-0.016601562,,,,,-0.03515625,
958,0.494025,46.0,-63.916668,2025-02-09 22:00:00,,-0.0009765625,,,,,-0.026367188,
959,0.494025,46.0,-63.916668,2025-02-09 23:00:00,,0.016601562,,,,,0.001953125,
960,0.494025,46.0,-63.916668,2025-02-10 00:00:00,,0.022460938,,,,,0.021484375,
961,0.494025,46.0,-63.916668,2025-02-10 01:00:00,,0.021484375,,,,,0.028320312,
962,0.494025,46.0,-63.916668,2025-02-10 02:00:00,,0.028320312,,,,,0.041015625,
963,0.494025,46.0,-63.916668,2025-02-10 03:00:00,,0.044921875,,,,,0.06640625,
964,0.494025,46.0,-63.916668,2025-02-10 04:00:00,,0.049804688,,,,,0.07128906,
965,0.494025,46.0,-63.916668,2025-02-10 05:00:00,,0.034179688,,,,,0.041015625,
966,0.494025,46.0,-63.916668,2025-02-10 06:00:00,,0.0126953125,,,,,0.0029296875,
967,0.494025,46.0,-63.916668,2025-02-10 07:00:00,,-0.00390625,,,,,-0.016601562,
968,0.494025,46.0,-63.916668,2025-02-10 08:00:00,,-0.016601562,,,,,-0.032226562,
969,0.494025,46.0,-63.916668,2025-02-10 09:00:00,,-0.026367188,,,,,-0.0546875,
970,0.494025,46.0,-63.916668,2025-02-10 10:00:00,,-0.025390625,,,,,-0.06640625,
971,0.494025,46.0,-63.916668,2025-02-10 11:00:00,,-0.017578125,,,,,-0.051757812,
972,0.494025,46.0,-63.916668,2025-02-10 12:00:00,,-0.0146484375,,,,,-0.029296875,
973,0.494025,46.0,-63.916668,2025-02-10 13:00:00,,-0.021484375,,,,,-0.018554688,
974,0.494025,46.0,-63.916668,2025-02-10 14:00:00,,-0.021484375,,,,,-0.005859375,
975,0.494025,46.0,-63.916668,2025-02-10 15:00:00,,-0.0068359375,,,,,0.024414062,
976,0.494025,46.0,-63.916668,2025-02-10 16:00:00,,0.0078125,,,,,0.049804688,
977,0.494025,46.0,-63.916668,2025-02-10 17:00:00,,0.005859375,,,,,0.041015625,
978,0.494025,46.0,-63.916668,2025-02-10 18:00:00,,-0.0087890625,,,,,0.0078125,
979,0.494025,46.0,-63.916668,2025-02-10 19:00:00,,-0.018554688,,,,,-0.013671875,
980,0.494025,46.0,-63.916668,2025-02-10 20:00:00,,-0.0234375,,,,,-0.020507812,
981,0.494025,46.0,-63.916668,2025-02-10 21:00:00,,-0.0234375,,,,,-0.03125,
982,0.494025,46.0,-63.916668,2025-02-10 22:00:00,,-0.016601562,,,,,-0.0390625,
983,0.494025,46.0,-63.916668,2025-02-10 23:00:00,,0.0,,,,,-0.025390625,
984,0.494025,46.0,-63.916668,2025-02-11 00:00:00,,0.016601562,,,,,0.00390625,
985,0.494025,46.0,-63.916668,2025-02-11 01:00:00,,0.020507812,,,,,0.021484375,
986,0.494025,46.0,-63.916668,2025-02-11 02:00:00,,0.020507812,,,,,0.029296875,
987,0.494025,46.0,-63.916668,2025-02-11 03:00:00,,0.032226562,,,,,0.048828125,
988,0.494025,46.0,-63.916668,2025-02-11 04:00:00,,0.049804688,,,,,0.076171875,
989,0.494025,46.0,-63.916668,2025-02-11 05:00:00,,0.051757812,,,,,0.07714844,
990,0.494025,46.0,-63.916668,2025-02-11 06:00:00,,0.033203125,,,,,0.041015625,
991,0.494025,46.0,-63.916668,2025-02-11 07:00:00,,0.0107421875,,,,,0.0009765625,
992,0.494025,46.0,-63.916668,2025-02-11 08:00:00,,-0.0068359375,,,,,-0.021484375,
993,0.494025,46.0,-63.916668,2025-02-11 09:00:00,,-0.01953125,,,,,-0.041015625,
994,0.494025,46.0,-63.916668,2025-02-11 10:00:00,,-0.028320312,,,,,-0.064453125,
995,0.494025,46.0,-63.916668,2025-02-11 11:00:00,,-0.025390625,,,,,-0.0703125,
996,0.494025,46.0,-63.916668,2025-02-11 12:00:00,,-0.017578125,,,,,-0.05078125,
997,0.494025,46.0,-63.916668,2025-02-11 13:00:00,,-0.016601562,,,,,-0.029296875,
998,0.494025,46.0,-63.916668,2025-02-11 14:00:00,,-0.022460938,,,,,-0.017578125,
999,0.494025,46.0,-63.916668,2025-02-11 15:00:00,,-0.01953125,,,,,-0.0009765625,
